"1994-1995 County To County Migration Outflows",,,,,,Wisconsin,,
"(Aggregate money amounts in thousands of dollars)",,,,,,,,
,,,,,,,,
"Migration From",,"Migration Into",,,,Number,Number,Aggregate
Wisconsin,,,,,,of,of,Total
State,County,State,County,State,"State totals, county totals,",Returns,Exemptions,Money
"FIPS Code",,,,,"and county by county detail",,,Income
,,,,,,,,
55,001,00,001,Wi,Adams,338,629,6320
55,001,55,141,Wi,Wood,35,60,717
55,001,55,021,Wi,Columbia,28,49,518
55,001,55,057,Wi,Juneau,26,56,440
55,001,55,077,Wi,Marquette,25,51,516
55,001,55,025,Wi,Dane,24,37,545
55,001,55,111,Wi,Sauk,22,35,574
55,001,55,079,Wi,Milwaukee,12,19,105
55,001,55,137,Wi,Waushara,12,36,227
55,001,63,020,XX,"Same State",62,120,1143
55,001,63,021,XX,"Same Region, Diff. State",47,84,835
55,001,63,022,XX,"Different Region",45,82,700
55,001,63,050,Wi,"County Non-Migrant",4277,9594,108900
55,003,00,001,Wi,Ashland,399,750,8429
55,003,55,007,Wi,Bayfield,71,150,1689
55,003,55,099,Wi,Price,22,44,376
55,003,55,031,Wi,Douglas,21,41,304
55,003,27,053,Mn,Hennepin,12,22,393
55,003,55,051,Wi,Iron,12,24,137
55,003,55,079,Wi,Milwaukee,10,11,212
55,003,63,010,XX,"Same State",120,225,2435
55,003,63,011,XX,"Region 1: Northeast",16,27,291
55,003,63,012,XX,"Region 2: Midwest",72,129,1286
55,003,63,013,XX,"Region 3: South",17,30,558
55,003,63,014,XX,"Region 4: West",26,47,748
55,003,63,050,Wi,"County Non-Migrant",5255,12266,149373
55,005,00,001,Wi,Barron,855,1611,17698
55,005,55,095,Wi,Polk,86,172,1395
55,005,55,035,Wi,"Eau Claire",57,94,859
55,005,55,129,Wi,Washburn,52,100,1073
55,005,55,017,Wi,Chippewa,48,107,1227
55,005,55,033,Wi,Dunn,40,83,834
55,005,27,053,Mn,Hennepin,30,36,502
55,005,55,025,Wi,Dane,29,46,496
55,005,55,109,Wi,"St. Croix",27,51,555
55,005,55,107,Wi,Rusk,25,44,429
55,005,55,113,Wi,Sawyer,21,43,581
55,005,27,123,Mn,Ramsey,18,31,452
55,005,27,037,Mn,Dakota,17,31,436
55,005,55,013,Wi,Burnett,14,32,296
55,005,55,093,Wi,Pierce,12,20,148
55,005,63,010,XX,"Same State",131,246,2728
55,005,63,011,XX,"Region 1: Northeast",18,32,359
55,005,63,012,XX,"Region 2: Midwest",113,219,3135
55,005,63,013,XX,"Region 3: South",59,120,1167
55,005,63,014,XX,"Region 4: West",58,104,1026
55,005,63,050,Wi,"County Non-Migrant",14635,34800,414946
55,007,00,001,Wi,Bayfield,371,666,7284
55,007,55,003,Wi,Ashland,77,139,1604
55,007,55,031,Wi,Douglas,41,72,724
55,007,27,053,Mn,Hennepin,14,18,241
55,007,55,025,Wi,Dane,13,23,217
55,007,27,137,Mn,"St. Louis",11,14,190
55,007,63,020,XX,"Same State",86,166,1668
55,007,63,021,XX,"Same Region, Diff. State",51,99,1036
55,007,63,022,XX,"Different Region",78,135,1604
55,007,63,050,Wi,"County Non-Migrant",5007,11480,137285
55,009,00,001,Wi,Brown,4025,7184,124867
55,009,55,087,Wi,Outagamie,401,731,13134
55,009,55,083,Wi,Oconto,319,669,9731
55,009,55,079,Wi,Milwaukee,205,274,4595
55,009,55,061,Wi,Kewaunee,163,329,5390
55,009,55,025,Wi,Dane,156,209,3508
55,009,55,139,Wi,Winnebago,142,233,3510
55,009,55,075,Wi,Marinette,140,239,3680
55,009,55,071,Wi,Manitowoc,121,227,3032
55,009,55,115,Wi,Shawano,111,198,3191
55,009,55,029,Wi,Door,91,161,4075
55,009,17,031,Il,Cook,85,106,2235
55,009,27,053,Mn,Hennepin,80,117,1805
55,009,55,133,Wi,Waukesha,67,126,2378
55,009,55,117,Wi,Sheboygan,56,109,1615
55,009,04,013,Az,Maricopa,55,78,1533
55,009,55,073,Wi,Marathon,52,92,1761
55,009,55,015,Wi,Calumet,43,73,1188
55,009,55,097,Wi,Portage,32,55,1146
55,009,55,039,Wi,"Fond du Lac",27,48,661
55,009,55,135,Wi,Waupaca,27,46,722
55,009,26,103,Mi,Marquette,26,40,496
55,009,55,085,Wi,Oneida,23,46,711
55,009,17,097,Il,Lake,21,39,834
55,009,26,041,Mi,Delta,21,39,681
55,009,55,089,Wi,Ozaukee,21,40,759
55,009,55,059,Wi,Kenosha,19,32,578
55,009,26,109,Mi,Menominee,19,28,340
55,009,27,123,Mn,Ramsey,19,24,380
55,009,55,063,Wi,"La Crosse",18,30,435
55,009,17,089,Il,Kane,18,28,578
55,009,32,003,Nv,Clark,17,25,333
55,009,55,041,Wi,Forest,17,41,453
55,009,55,141,Wi,Wood,16,31,315
55,009,06,037,Ca,"Los Angeles",16,23,702
55,009,55,131,Wi,Washington,16,29,566
55,009,55,105,Wi,Rock,16,32,441
55,009,55,078,Wi,Menominee,16,34,359
55,009,57,005,FR,"APO / FPO Zip Code",16,32,270
55,009,04,019,Az,Pima,15,31,465
55,009,55,035,Wi,"Eau Claire",15,23,380
55,009,27,037,Mn,Dakota,15,30,534
55,009,57,001,FR,"Foreign / Overseas",15,24,298
55,009,17,043,Il,"Du Page",14,29,512
55,009,55,125,Wi,Vilas,13,19,837
55,009,55,127,Wi,Walworth,13,23,331
55,009,12,103,Fl,Pinellas,13,19,305
55,009,55,067,Wi,Langlade,13,24,623
55,009,55,021,Wi,Columbia,13,23,284
55,009,55,055,Wi,Jefferson,13,31,319
55,009,55,101,Wi,Racine,12,23,412
55,009,37,119,NC,Mecklenburg,12,19,351
55,009,12,057,Fl,Hillsborough,12,23,308
55,009,26,043,Mi,Dickinson,12,15,219
55,009,08,041,Co,"El Paso",11,15,256
55,009,55,043,Wi,Grant,11,14,176
55,009,27,003,Mn,Anoka,10,21,458
55,009,40,143,Ok,Tulsa,10,17,110
55,009,26,071,Mi,Iron,10,18,259
55,009,63,010,XX,"Same State",106,196,2697
55,009,63,011,XX,"Region 1: Northeast",75,151,3095
55,009,63,012,XX,"Region 2: Midwest",341,670,15816
55,009,63,013,XX,"Region 3: South",334,656,12401
55,009,63,014,XX,"Region 4: West",209,357,5300
55,009,63,050,Wi,"County Non-Migrant",77013,173989,3087147
55,011,00,001,Wi,Buffalo,319,586,6887
55,011,55,121,Wi,Trempealeau,50,83,1080
55,011,27,169,Mn,Winona,45,93,764
55,011,55,035,Wi,"Eau Claire",45,74,958
55,011,55,091,Wi,Pepin,15,30,690
55,011,55,033,Wi,Dunn,13,25,219
55,011,63,020,XX,"Same State",65,137,1427
55,011,63,021,XX,"Same Region, Diff. State",57,99,1268
55,011,63,022,XX,"Different Region",29,45,481
55,011,63,050,Wi,"County Non-Migrant",5037,11725,129810
55,013,00,001,Wi,Burnett,275,519,5592
55,013,55,095,Wi,Polk,44,96,982
55,013,55,129,Wi,Washburn,25,59,475
55,013,27,123,Mn,Ramsey,17,23,247
55,013,55,005,Wi,Barron,17,37,229
55,013,27,053,Mn,Hennepin,16,24,353
55,013,63,020,XX,"Same State",57,102,1022
55,013,63,021,XX,"Same Region, Diff. State",69,128,1224
55,013,63,022,XX,"Different Region",30,50,1060
55,013,63,050,Wi,"County Non-Migrant",4576,10208,114735
55,015,00,001,Wi,Calumet,997,1805,28627
55,015,55,087,Wi,Outagamie,332,631,9542
55,015,55,139,Wi,Winnebago,144,248,4204
55,015,55,071,Wi,Manitowoc,80,145,2103
55,015,55,117,Wi,Sheboygan,50,82,1262
55,015,55,009,Wi,Brown,41,71,1245
55,015,55,039,Wi,"Fond du Lac",38,87,1040
55,015,55,079,Wi,Milwaukee,28,33,562
55,015,55,025,Wi,Dane,22,35,563
55,015,55,135,Wi,Waupaca,16,37,588
55,015,55,133,Wi,Waukesha,14,30,526
55,015,63,010,XX,"Same State",90,155,2340
55,015,63,011,XX,"Region 1: Northeast",11,12,235
55,015,63,012,XX,"Region 2: Midwest",58,98,1708
55,015,63,013,XX,"Region 3: South",44,83,1822
55,015,63,014,XX,"Region 4: West",29,58,887
55,015,63,050,Wi,"County Non-Migrant",11574,28164,455636
55,017,00,001,Wi,Chippewa,1193,2169,25800
55,017,55,035,Wi,"Eau Claire",379,654,7805
55,017,55,033,Wi,Dunn,80,168,1709
55,017,55,005,Wi,Barron,68,138,1360
55,017,27,053,Mn,Hennepin,43,53,774
55,017,55,019,Wi,Clark,42,94,759
55,017,55,025,Wi,Dane,27,32,486
55,017,55,107,Wi,Rusk,23,62,501
55,017,55,073,Wi,Marathon,18,31,396
55,017,55,109,Wi,"St. Croix",18,40,535
55,017,55,121,Wi,Trempealeau,16,32,325
55,017,55,119,Wi,Taylor,16,48,309
55,017,27,037,Mn,Dakota,16,24,442
55,017,55,141,Wi,Wood,14,27,263
55,017,55,079,Wi,Milwaukee,13,19,265
55,017,55,093,Wi,Pierce,13,22,275
55,017,55,009,Wi,Brown,11,24,292
55,017,63,010,XX,"Same State",128,238,2711
55,017,63,011,XX,"Region 1: Northeast",21,29,373
55,017,63,012,XX,"Region 2: Midwest",114,208,2648
55,017,63,013,XX,"Region 3: South",66,111,2202
55,017,63,014,XX,"Region 4: West",67,115,1370
55,017,63,050,Wi,"County Non-Migrant",18265,43598,561079
55,019,00,001,Wi,Clark,694,1374,14861
55,019,55,141,Wi,Wood,100,191,1956
55,019,55,073,Wi,Marathon,99,180,2099
55,019,55,035,Wi,"Eau Claire",53,83,887
55,019,55,119,Wi,Taylor,51,129,1437
55,019,55,017,Wi,Chippewa,41,75,592
55,019,55,025,Wi,Dane,23,37,516
55,019,55,053,Wi,Jackson,21,57,404
55,019,55,063,Wi,"La Crosse",12,22,190
55,019,55,079,Wi,Milwaukee,11,14,228
55,019,63,010,XX,"Same State",153,304,4210
55,019,63,011,XX,"Region 1: Northeast",13,44,162
55,019,63,012,XX,"Region 2: Midwest",67,157,1230
55,019,63,013,XX,"Region 3: South",30,53,603
55,019,63,014,XX,"Region 4: West",20,28,347
55,019,63,050,Wi,"County Non-Migrant",10306,25573,268608
55,021,00,001,Wi,Columbia,1532,2802,38922
55,021,55,025,Wi,Dane,439,692,10160
55,021,55,111,Wi,Sauk,229,465,7659
55,021,55,077,Wi,Marquette,91,190,1941
55,021,55,027,Wi,Dodge,91,167,2306
55,021,55,001,Wi,Adams,38,76,713
55,021,55,057,Wi,Juneau,27,50,527
55,021,55,079,Wi,Milwaukee,25,29,385
55,021,55,055,Wi,Jefferson,21,44,545
55,021,55,141,Wi,Wood,20,32,461
55,021,17,031,Il,Cook,17,26,239
55,021,55,063,Wi,"La Crosse",15,20,242
55,021,55,105,Wi,Rock,15,27,489
55,021,55,133,Wi,Waukesha,14,21,348
55,021,55,047,Wi,"Green Lake",13,36,260
55,021,04,013,Az,Maricopa,13,25,544
55,021,55,039,Wi,"Fond du Lac",13,19,233
55,021,55,097,Wi,Portage,13,21,321
55,021,55,139,Wi,Winnebago,12,23,453
55,021,63,010,XX,"Same State",127,266,3429
55,021,63,011,XX,"Region 1: Northeast",15,27,287
55,021,63,012,XX,"Region 2: Midwest",126,257,3355
55,021,63,013,XX,"Region 3: South",89,171,2310
55,021,63,014,XX,"Region 4: West",69,118,1715
55,021,63,050,Wi,"County Non-Migrant",18559,42703,620547
55,023,00,001,Wi,Crawford,384,676,7441
55,023,55,043,Wi,Grant,51,100,919
55,023,55,063,Wi,"La Crosse",45,66,747
55,023,55,025,Wi,Dane,22,32,496
55,023,55,123,Wi,Vernon,22,43,371
55,023,19,043,Ia,Clayton,22,47,453
55,023,55,103,Wi,Richland,13,17,186
55,023,63,020,XX,"Same State",82,151,1788
55,023,63,021,XX,"Same Region, Diff. State",83,165,1601
55,023,63,022,XX,"Different Region",44,55,880
55,023,63,050,Wi,"County Non-Migrant",5421,12959,149719
55,025,00,001,Wi,Dane,10328,17395,305393
55,025,55,021,Wi,Columbia,617,1193,20659
55,025,55,079,Wi,Milwaukee,561,730,11751
55,025,55,105,Wi,Rock,425,753,11547
55,025,17,031,Il,Cook,392,553,10394
55,025,55,111,Wi,Sauk,341,640,10564
55,025,27,053,Mn,Hennepin,275,375,7089
55,025,55,055,Wi,Jefferson,259,508,9035
55,025,55,133,Wi,Waukesha,252,424,8259
55,025,55,045,Wi,Green,223,428,7413
55,025,55,049,Wi,Iowa,196,409,6522
55,025,57,001,FR,"Foreign / Overseas",172,271,3868
55,025,04,013,Az,Maricopa,135,213,4285
55,025,55,139,Wi,Winnebago,114,174,2533
55,025,55,027,Wi,Dodge,112,217,2948
55,025,55,063,Wi,"La Crosse",112,180,2740
55,025,55,009,Wi,Brown,108,145,2587
55,025,27,123,Mn,Ramsey,99,120,2105
55,025,55,087,Wi,Outagamie,97,159,3199
55,025,55,043,Wi,Grant,84,133,1757
55,025,55,127,Wi,Walworth,82,112,1456
55,025,53,033,Wa,King,80,110,1844
55,025,55,073,Wi,Marathon,77,139,1809
55,025,06,073,Ca,"San Diego",73,120,1979
55,025,55,035,Wi,"Eau Claire",71,119,2290
55,025,55,101,Wi,Racine,69,104,1594
55,025,17,043,Il,"Du Page",68,109,1978
55,025,06,075,Ca,"San Francisco",66,71,1203
55,025,55,039,Wi,"Fond du Lac",64,100,1573
55,025,36,061,NY,"New York",60,63,1242
55,025,17,201,Il,Winnebago,59,82,1244
55,025,55,103,Wi,Richland,59,104,1514
55,025,55,077,Wi,Marquette,58,96,1960
55,025,55,097,Wi,Portage,58,93,1214
55,025,06,037,Ca,"Los Angeles",56,83,1196
55,025,48,201,Tx,Harris,51,85,1099
55,025,06,085,Ca,"Santa Clara",51,70,1200
55,025,48,453,Tx,Travis,49,67,1526
55,025,17,097,Il,Lake,49,92,2620
55,025,25,017,Ma,Middlesex,47,76,2129
55,025,48,113,Tx,Dallas,47,87,1291
55,025,32,003,Nv,Clark,46,72,1240
55,025,41,051,Or,Multnomah,45,63,1667
55,025,27,037,Mn,Dakota,44,85,1661
55,025,55,065,Wi,Lafayette,44,85,1018
55,025,55,089,Wi,Ozaukee,44,85,1492
55,025,55,141,Wi,Wood,43,73,955
55,025,55,059,Wi,Kenosha,42,68,833
55,025,55,131,Wi,Washington,42,57,1128
55,025,04,019,Az,Pima,42,71,1376
55,025,06,001,Ca,Alameda,39,47,813
55,025,08,031,Co,Denver,38,44,769
55,025,26,161,Mi,Washtenaw,38,61,1238
55,025,39,049,Oh,Franklin,36,50,1215
55,025,08,013,Co,Boulder,36,61,1173
55,025,55,057,Wi,Juneau,34,64,774
55,025,55,117,Wi,Sheboygan,34,54,734
55,025,55,085,Wi,Oneida,32,52,1397
55,025,29,189,Mo,"St. Louis",32,60,1436
55,025,55,023,Wi,Crawford,31,57,631
55,025,24,031,Md,Montgomery,30,52,923
55,025,35,001,NM,Bernalillo,30,42,746
55,025,55,001,Wi,Adams,30,45,833
55,025,55,071,Wi,Manitowoc,29,43,769
55,025,11,001,DC,"Wash.,D.C.",28,29,534
55,025,55,081,Wi,Monroe,26,44,533
55,025,26,125,Mi,Oakland,26,54,1105
55,025,18,097,In,Marion,25,43,910
55,025,08,041,Co,"El Paso",25,42,599
55,025,47,037,Tn,Davidson,24,37,445
55,025,55,123,Wi,Vernon,23,42,568
55,025,13,121,Ga,Fulton,23,51,1748
55,025,19,103,Ia,Johnson,23,43,678
55,025,55,135,Wi,Waupaca,23,42,814
55,025,19,153,Ia,Polk,21,45,754
55,025,27,163,Mn,Washington,21,52,824
55,025,25,025,Ma,Suffolk,21,28,499
55,025,48,029,Tx,Bexar,21,43,616
55,025,06,059,Ca,Orange,20,29,751
55,025,12,011,Fl,Broward,20,40,753
55,025,08,005,Co,Arapahoe,20,43,861
55,025,26,081,Mi,Kent,20,43,668
55,025,55,053,Wi,Jackson,20,31,519
55,025,12,095,Fl,Orange,19,33,371
55,025,51,059,Va,Fairfax,19,39,722
55,025,12,099,Fl,"Palm Beach",19,35,499
55,025,17,089,Il,Kane,19,40,787
55,025,19,163,Ia,Scott,18,27,462
55,025,17,111,Il,McHenry,18,32,456
55,025,17,019,Il,Champaign,18,28,342
55,025,39,061,Oh,Hamilton,18,26,576
55,025,12,103,Fl,Pinellas,18,39,2937
55,025,12,057,Fl,Hillsborough,18,24,485
55,025,55,125,Wi,Vilas,18,24,365
55,025,39,035,Oh,Cuyahoga,18,34,1198
55,025,37,183,NC,Wake,17,35,635
55,025,08,059,Co,Jefferson,17,31,440
55,025,55,047,Wi,"Green Lake",17,28,520
55,025,31,109,Ne,Lancaster,17,41,652
55,025,31,055,Ne,Douglas,17,31,618
55,025,55,015,Wi,Calumet,17,36,576
55,025,37,135,NC,Orange,17,27,494
55,025,42,003,Pa,Allegheny,17,27,408
55,025,08,069,Co,Larimer,17,32,522
55,025,06,013,Ca,"Contra Costa",17,22,496
55,025,26,163,Mi,Wayne,17,33,637
55,025,37,063,NC,Durham,17,30,521
55,025,27,109,Mn,Olmsted,16,27,561
55,025,27,137,Mn,"St. Louis",16,25,429
55,025,29,510,Mo,"St. Louis city",16,24,438
55,025,19,061,Ia,Dubuque,16,19,231
55,025,55,033,Wi,Dunn,16,20,315
55,025,55,109,Wi,"St. Croix",16,33,646
55,025,06,081,Ca,"San Mateo",16,28,635
55,025,12,071,Fl,Lee,16,22,421
55,025,48,439,Tx,Tarrant,16,36,643
55,025,12,021,Fl,Collier,16,30,1056
55,025,57,005,FR,"APO / FPO Zip Code",16,20,198
55,025,55,029,Wi,Door,16,26,500
55,025,36,055,NY,Monroe,16,30,624
55,025,36,047,NY,Kings,15,15,158
55,025,55,005,Wi,Barron,15,35,424
55,025,55,069,Wi,Lincoln,15,24,316
55,025,13,067,Ga,Cobb,15,22,328
55,025,17,197,Il,Will,14,21,321
55,025,12,025,Fl,Dade,14,23,275
55,025,13,089,Ga,"De Kalb",14,19,457
55,025,12,073,Fl,Leon,14,22,588
55,025,55,115,Wi,Shawano,14,22,456
55,025,55,017,Wi,Chippewa,14,26,325
55,025,15,003,Hi,Honolulu,14,22,404
55,025,49,035,Ut,"Salt Lake",14,33,496
55,025,27,169,Mn,Winona,13,27,484
55,025,10,003,De,"New Castle",13,24,506
55,025,09,001,Ct,Fairfield,13,18,505
55,025,09,009,Ct,"New Haven",13,17,324
55,025,42,101,Pa,Philadelphia,13,13,233
55,025,19,169,Ia,Story,13,28,663
55,025,20,091,Ks,Johnson,13,27,604
55,025,51,013,Va,Arlington,13,16,252
55,025,13,135,Ga,Gwinnett,13,33,658
55,025,55,137,Wi,Waushara,13,19,445
55,025,19,013,Ia,"Black Hawk",12,20,381
55,025,47,157,Tn,Shelby,12,15,490
55,025,55,031,Wi,Douglas,12,17,192
55,025,37,119,NC,Mecklenburg,12,25,581
55,025,20,173,Ks,Sedgwick,12,26,418
55,025,26,065,Mi,Ingham,12,23,490
55,025,18,141,In,"St. Joseph",12,29,405
55,025,06,071,Ca,"San Bernardino",12,16,191
55,025,06,087,Ca,"Santa Cruz",12,14,288
55,025,17,161,Il,"Rock Island",12,17,246
55,025,36,109,NY,Tompkins,12,23,233
55,025,25,021,Ma,Norfolk,12,19,254
55,025,55,093,Wi,Pierce,12,26,397
55,025,17,177,Il,Stephenson,12,22,302
55,025,36,081,NY,Queens,12,19,324
55,025,18,003,In,Allen,11,24,499
55,025,55,121,Wi,Trempealeau,11,20,281
55,025,19,113,Ia,Linn,11,14,416
55,025,35,049,NM,"Santa Fe",11,16,153
55,025,21,067,Ky,Fayette,11,20,356
55,025,53,067,Wa,Thurston,10,10,129
55,025,12,105,Fl,Polk,10,15,304
55,025,21,111,Ky,Jefferson,10,16,349
55,025,55,107,Wi,Rusk,10,21,207
55,025,17,167,Il,Sangamon,10,23,423
55,025,12,009,Fl,Brevard,10,13,169
55,025,55,129,Wi,Washburn,10,20,139
55,025,06,083,Ca,"Santa Barbara",10,13,209
55,025,41,067,Or,Washington,10,18,328
55,025,63,010,XX,"Same State",72,141,2504
55,025,63,011,XX,"Region 1: Northeast",281,473,10636
55,025,63,012,XX,"Region 2: Midwest",601,1157,19024
55,025,63,013,XX,"Region 3: South",594,1077,19976
55,025,63,014,XX,"Region 4: West",362,614,10245
55,025,63,050,Wi,"County Non-Migrant",146430,304510,6314060
55,027,00,001,Wi,Dodge,1873,3505,46936
55,027,55,055,Wi,Jefferson,272,578,7374
55,027,55,039,Wi,"Fond du Lac",251,466,6379
55,027,55,131,Wi,Washington,162,314,4138
55,027,55,025,Wi,Dane,143,232,3221
55,027,55,079,Wi,Milwaukee,121,185,3313
55,027,55,133,Wi,Waukesha,117,211,3324
55,027,55,021,Wi,Columbia,84,167,1773
55,027,55,139,Wi,Winnebago,46,85,1155
55,027,55,087,Wi,Outagamie,21,29,475
55,027,55,047,Wi,"Green Lake",17,41,416
55,027,55,077,Wi,Marquette,17,27,373
55,027,55,105,Wi,Rock,14,29,359
55,027,04,013,Az,Maricopa,14,19,225
55,027,55,127,Wi,Walworth,14,32,493
55,027,55,117,Wi,Sheboygan,13,29,362
55,027,55,071,Wi,Manitowoc,12,22,327
55,027,27,053,Mn,Hennepin,12,13,562
55,027,55,009,Wi,Brown,12,20,394
55,027,55,111,Wi,Sauk,11,21,217
55,027,55,089,Wi,Ozaukee,11,23,195
55,027,55,063,Wi,"La Crosse",10,22,328
55,027,63,010,XX,"Same State",149,299,3608
55,027,63,011,XX,"Region 1: Northeast",25,47,608
55,027,63,012,XX,"Region 2: Midwest",139,259,3050
55,027,63,013,XX,"Region 3: South",116,224,2733
55,027,63,014,XX,"Region 4: West",58,96,1309
55,027,63,015,XX,Foreign,12,15,225
55,027,63,050,Wi,"County Non-Migrant",27378,64438,942307
55,029,00,001,Wi,Door,537,939,13212
55,029,55,009,Wi,Brown,107,170,2321
55,029,55,061,Wi,Kewaunee,47,95,1119
55,029,55,087,Wi,Outagamie,23,39,447
55,029,55,079,Wi,Milwaukee,22,32,714
55,029,55,025,Wi,Dane,18,25,571
55,029,55,139,Wi,Winnebago,16,23,619
55,029,55,071,Wi,Manitowoc,13,23,338
55,029,17,031,Il,Cook,13,22,617
55,029,48,409,Tx,"San Patricio",12,37,317
55,029,27,053,Mn,Hennepin,11,14,184
55,029,55,133,Wi,Waukesha,10,13,182
55,029,55,117,Wi,Sheboygan,10,17,204
55,029,63,010,XX,"Same State",73,143,1415
55,029,63,011,XX,"Region 1: Northeast",15,29,303
55,029,63,012,XX,"Region 2: Midwest",52,94,1016
55,029,63,013,XX,"Region 3: South",52,101,1482
55,029,63,014,XX,"Region 4: West",43,62,1363
55,029,63,050,Wi,"County Non-Migrant",9902,22295,318336
55,031,00,001,Wi,Douglas,878,1570,18695
55,031,27,137,Mn,"St. Louis",194,333,4258
55,031,55,007,Wi,Bayfield,40,96,998
55,031,27,053,Mn,Hennepin,37,40,647
55,031,27,123,Mn,Ramsey,26,41,471
55,031,55,025,Wi,Dane,22,34,332
55,031,55,129,Wi,Washburn,16,36,399
55,031,27,017,Mn,Carlton,15,32,384
55,031,04,013,Az,Maricopa,13,23,385
55,031,27,163,Mn,Washington,12,31,485
55,031,55,035,Wi,"Eau Claire",12,17,143
55,031,55,003,Wi,Ashland,12,22,260
55,031,27,037,Mn,Dakota,12,16,170
55,031,55,113,Wi,Sawyer,11,18,162
55,031,55,013,Wi,Burnett,11,22,121
55,031,04,019,Az,Pima,10,15,112
55,031,63,010,XX,"Same State",120,218,2275
55,031,63,011,XX,"Region 1: Northeast",26,60,802
55,031,63,012,XX,"Region 2: Midwest",148,272,3126
55,031,63,013,XX,"Region 3: South",80,142,2127
55,031,63,014,XX,"Region 4: West",61,102,1038
55,031,63,050,Wi,"County Non-Migrant",14155,31615,431306
55,033,00,001,Wi,Dunn,960,1692,19880
55,033,55,035,Wi,"Eau Claire",131,250,2694
55,033,55,109,Wi,"St. Croix",69,134,1561
55,033,27,053,Mn,Hennepin,56,72,1318
55,033,55,093,Wi,Pierce,55,109,991
55,033,55,017,Wi,Chippewa,47,102,976
55,033,55,005,Wi,Barron,27,49,482
55,033,27,123,Mn,Ramsey,26,33,347
55,033,55,133,Wi,Waukesha,25,40,690
55,033,55,091,Wi,Pepin,25,51,527
55,033,27,037,Mn,Dakota,22,32,436
55,033,55,079,Wi,Milwaukee,14,15,194
55,033,55,011,Wi,Buffalo,13,21,177
55,033,55,095,Wi,Polk,12,20,235
55,033,55,025,Wi,Dane,11,11,115
55,033,27,163,Mn,Washington,11,21,479
55,033,55,063,Wi,"La Crosse",10,23,211
55,033,55,087,Wi,Outagamie,10,17,198
55,033,63,010,XX,"Same State",154,265,2934
55,033,63,011,XX,"Region 1: Northeast",15,20,232
55,033,63,012,XX,"Region 2: Midwest",116,209,2555
55,033,63,013,XX,"Region 3: South",60,110,1478
55,033,63,014,XX,"Region 4: West",51,88,1050
55,033,63,050,Wi,"County Non-Migrant",10963,26006,336778
55,035,00,001,Wi,"Eau Claire",2397,4245,57202
55,035,55,017,Wi,Chippewa,364,680,8424
55,035,55,033,Wi,Dunn,151,291,3857
55,035,27,053,Mn,Hennepin,137,172,2887
55,035,55,121,Wi,Trempealeau,102,213,2105
55,035,55,025,Wi,Dane,86,138,2191
55,035,27,123,Mn,Ramsey,59,85,1384
55,035,55,011,Wi,Buffalo,52,119,1250
55,035,55,109,Wi,"St. Croix",51,99,1585
55,035,55,079,Wi,Milwaukee,47,61,755
55,035,55,005,Wi,Barron,45,83,982
55,035,55,073,Wi,Marathon,36,64,1197
55,035,55,019,Wi,Clark,35,57,597
55,035,27,037,Mn,Dakota,33,62,883
55,035,55,093,Wi,Pierce,32,52,565
55,035,55,063,Wi,"La Crosse",31,60,788
55,035,55,009,Wi,Brown,25,43,399
55,035,17,031,Il,Cook,25,33,620
55,035,55,087,Wi,Outagamie,24,30,547
55,035,55,053,Wi,Jackson,24,43,462
55,035,55,139,Wi,Winnebago,21,36,427
55,035,55,133,Wi,Waukesha,21,41,455
55,035,55,107,Wi,Rusk,21,38,382
55,035,55,091,Wi,Pepin,21,36,331
55,035,55,129,Wi,Washburn,20,45,929
55,035,04,013,Az,Maricopa,19,33,313
55,035,55,097,Wi,Portage,18,31,351
55,035,55,113,Wi,Sawyer,18,34,376
55,035,27,163,Mn,Washington,17,32,967
55,035,55,141,Wi,Wood,17,33,366
55,035,55,081,Wi,Monroe,14,22,225
55,035,55,059,Wi,Kenosha,14,25,254
55,035,55,105,Wi,Rock,14,19,285
55,035,08,041,Co,"El Paso",13,20,191
55,035,55,095,Wi,Polk,13,15,201
55,035,55,119,Wi,Taylor,13,22,203
55,035,55,111,Wi,Sauk,12,22,206
55,035,55,127,Wi,Walworth,12,18,200
55,035,55,039,Wi,"Fond du Lac",10,17,296
55,035,55,031,Wi,Douglas,10,18,214
55,035,27,003,Mn,Anoka,10,23,272
55,035,55,117,Wi,Sheboygan,10,18,197
55,035,63,010,XX,"Same State",132,209,2282
55,035,63,011,XX,"Region 1: Northeast",36,56,892
55,035,63,012,XX,"Region 2: Midwest",238,449,6113
55,035,63,013,XX,"Region 3: South",152,295,5325
55,035,63,014,XX,"Region 4: West",142,253,3471
55,035,63,050,Wi,"County Non-Migrant",28239,64468,1031008
55,037,00,001,Wi,Florence,112,206,2251
55,037,26,043,Mi,Dickinson,37,63,806
55,037,55,075,Wi,Marinette,13,28,258
55,037,63,020,XX,"Same State",36,68,665
55,037,63,021,XX,"Same Region, Diff. State",14,24,238
55,037,63,022,XX,"Different Region",12,23,284
55,037,63,050,Wi,"County Non-Migrant",1322,3233,39685
55,039,00,001,Wi,"Fond du Lac",1887,3504,49468
55,039,55,139,Wi,Winnebago,227,395,5350
55,039,55,027,Wi,Dodge,199,401,4951
55,039,55,047,Wi,"Green Lake",111,237,2857
55,039,55,131,Wi,Washington,106,182,2793
55,039,55,079,Wi,Milwaukee,104,142,2129
55,039,55,025,Wi,Dane,81,120,2058
55,039,55,117,Wi,Sheboygan,75,154,2378
55,039,55,087,Wi,Outagamie,54,99,1702
55,039,55,015,Wi,Calumet,47,74,1104
55,039,55,009,Wi,Brown,44,81,891
55,039,55,133,Wi,Waukesha,35,72,1256
55,039,17,031,Il,Cook,25,36,585
55,039,55,071,Wi,Manitowoc,20,43,458
55,039,55,137,Wi,Waushara,20,40,547
55,039,55,135,Wi,Waupaca,17,34,396
55,039,55,021,Wi,Columbia,17,29,371
55,039,55,097,Wi,Portage,16,27,236
55,039,55,089,Wi,Ozaukee,15,29,473
55,039,55,101,Wi,Racine,14,26,245
55,039,27,053,Mn,Hennepin,14,19,410
55,039,55,073,Wi,Marathon,14,31,395
55,039,55,127,Wi,Walworth,13,26,344
55,039,04,013,Az,Maricopa,13,22,262
55,039,55,057,Wi,Juneau,11,26,336
55,039,55,077,Wi,Marquette,11,24,303
55,039,63,010,XX,"Same State",149,294,3463
55,039,63,011,XX,"Region 1: Northeast",39,62,1180
55,039,63,012,XX,"Region 2: Midwest",163,321,4664
55,039,63,013,XX,"Region 3: South",138,280,4459
55,039,63,014,XX,"Region 4: West",95,178,2872
55,039,63,050,Wi,"County Non-Migrant",33640,77981,1205857
55,041,00,001,Wi,Forest,202,386,4052
55,041,55,009,Wi,Brown,21,34,432
55,041,55,067,Wi,Langlade,17,31,376
55,041,55,085,Wi,Oneida,14,32,317
55,041,55,079,Wi,Milwaukee,11,19,153
55,041,63,020,XX,"Same State",78,150,1554
55,041,63,021,XX,"Same Region, Diff. State",27,51,463
55,041,63,022,XX,"Different Region",34,69,757
55,041,63,050,Wi,"County Non-Migrant",2815,6718,72121
55,043,00,001,Wi,Grant,1138,2076,24545
55,043,55,025,Wi,Dane,166,250,3352
55,043,19,061,Ia,Dubuque,76,144,1582
55,043,55,023,Wi,Crawford,72,145,1239
55,043,55,049,Wi,Iowa,72,150,1669
55,043,55,065,Wi,Lafayette,49,109,1016
55,043,55,103,Wi,Richland,44,93,950
55,043,55,063,Wi,"La Crosse",29,41,525
55,043,55,105,Wi,Rock,27,30,496
55,043,55,111,Wi,Sauk,26,66,628
55,043,17,085,Il,"Jo Daviess",26,53,610
55,043,55,079,Wi,Milwaukee,22,34,337
55,043,55,027,Wi,Dodge,19,35,304
55,043,55,045,Wi,Green,16,29,291
55,043,17,031,Il,Cook,15,17,281
55,043,55,021,Wi,Columbia,14,23,401
55,043,17,201,Il,Winnebago,13,22,261
55,043,55,055,Wi,Jefferson,12,15,127
55,043,55,133,Wi,Waukesha,12,19,187
55,043,55,035,Wi,"Eau Claire",11,20,226
55,043,55,123,Wi,Vernon,11,23,221
55,043,63,010,XX,"Same State",122,230,2738
55,043,63,011,XX,"Region 1: Northeast",13,27,359
55,043,63,012,XX,"Region 2: Midwest",161,321,3997
55,043,63,013,XX,"Region 3: South",53,92,1549
55,043,63,014,XX,"Region 4: West",57,88,1199
55,043,63,050,Wi,"County Non-Migrant",16845,40465,470489
55,045,00,001,Wi,Green,777,1410,18786
55,045,55,025,Wi,Dane,208,337,5423
55,045,55,105,Wi,Rock,113,207,2944
55,045,55,065,Wi,Lafayette,68,141,1519
55,045,17,177,Il,Stephenson,32,52,522
55,045,55,079,Wi,Milwaukee,21,28,491
55,045,17,201,Il,Winnebago,19,27,247
55,045,55,049,Wi,Iowa,17,35,357
55,045,17,031,Il,Cook,11,13,278
55,045,63,010,XX,"Same State",117,240,2764
55,045,63,011,XX,"Region 1: Northeast",16,32,348
55,045,63,012,XX,"Region 2: Midwest",78,152,2093
55,045,63,013,XX,"Region 3: South",48,101,1248
55,045,63,014,XX,"Region 4: West",29,45,552
55,045,63,050,Wi,"County Non-Migrant",11828,27130,410477
55,047,00,001,Wi,"Green Lake",479,882,9909
55,047,55,039,Wi,"Fond du Lac",106,211,2462
55,047,55,139,Wi,Winnebago,66,119,1168
55,047,55,137,Wi,Waushara,31,66,632
55,047,55,025,Wi,Dane,30,46,770
55,047,55,027,Wi,Dodge,25,47,533
55,047,55,077,Wi,Marquette,20,36,374
55,047,55,021,Wi,Columbia,15,28,343
55,047,55,079,Wi,Milwaukee,10,14,164
55,047,63,010,XX,"Same State",83,135,1756
55,047,63,011,XX,"Region 1: Northeast",10,17,227
55,047,63,012,XX,"Region 2: Midwest",26,51,520
55,047,63,013,XX,"Region 3: South",31,65,547
55,047,63,014,XX,"Region 4: West",26,47,413
55,047,63,050,Wi,"County Non-Migrant",6955,15786,212379
55,049,00,001,Wi,Iowa,468,855,10760
55,049,55,025,Wi,Dane,154,257,3554
55,049,55,043,Wi,Grant,81,158,1538
55,049,55,111,Wi,Sauk,31,58,614
55,049,55,065,Wi,Lafayette,26,52,580
55,049,55,063,Wi,"La Crosse",13,20,189
55,049,55,103,Wi,Richland,11,26,226
55,049,63,020,XX,"Same State",70,133,1979
55,049,63,021,XX,"Same Region, Diff. State",43,77,882
55,049,63,022,XX,"Different Region",39,74,1198
55,049,63,050,Wi,"County Non-Migrant",7387,17530,213308
55,051,00,001,Wi,Iron,179,336,3447
55,051,26,053,Mi,Gogebic,47,106,873
55,051,55,003,Wi,Ashland,12,29,180
55,051,55,079,Wi,Milwaukee,10,10,149
55,051,63,020,XX,"Same State",62,115,1159
55,051,63,021,XX,"Same Region, Diff. State",25,40,566
55,051,63,022,XX,"Different Region",23,36,520
55,051,63,050,Wi,"County Non-Migrant",2236,4892,54791
55,053,00,001,Wi,Jackson,320,636,6702
55,053,55,121,Wi,Trempealeau,33,79,702
55,053,55,063,Wi,"La Crosse",32,52,732
55,053,55,081,Wi,Monroe,28,64,531
55,053,55,035,Wi,"Eau Claire",24,41,466
55,053,55,019,Wi,Clark,21,41,312
55,053,55,141,Wi,Wood,11,16,153
55,053,55,025,Wi,Dane,10,13,142
55,053,63,020,XX,"Same State",66,153,1673
55,053,63,021,XX,"Same Region, Diff. State",40,65,851
55,053,63,022,XX,"Different Region",55,112,1140
55,053,63,050,Wi,"County Non-Migrant",5586,13023,158017
55,055,00,001,Wi,Jefferson,1838,3322,49118
55,055,55,025,Wi,Dane,294,467,7448
55,055,55,133,Wi,Waukesha,234,401,7117
55,055,55,027,Wi,Dodge,221,445,5562
55,055,55,127,Wi,Walworth,119,208,2677
55,055,55,079,Wi,Milwaukee,115,173,2394
55,055,55,105,Wi,Rock,87,150,1886
55,055,55,131,Wi,Washington,26,58,737
55,055,17,031,Il,Cook,24,34,627
55,055,55,021,Wi,Columbia,22,45,774
55,055,04,013,Az,Maricopa,15,21,217
55,055,55,139,Wi,Winnebago,13,20,270
55,055,55,111,Wi,Sauk,12,30,317
55,055,55,063,Wi,"La Crosse",12,16,166
55,055,55,073,Wi,Marathon,11,27,274
55,055,55,001,Wi,Adams,11,20,190
55,055,55,035,Wi,"Eau Claire",11,16,339
55,055,55,087,Wi,Outagamie,11,17,301
55,055,55,039,Wi,"Fond du Lac",10,19,160
55,055,55,085,Wi,Oneida,10,17,368
55,055,55,125,Wi,Vilas,10,24,313
55,055,63,010,XX,"Same State",186,349,4700
55,055,63,011,XX,"Region 1: Northeast",21,47,956
55,055,63,012,XX,"Region 2: Midwest",150,309,5058
55,055,63,013,XX,"Region 3: South",133,264,4020
55,055,63,014,XX,"Region 4: West",70,125,2003
55,055,63,015,XX,Foreign,10,20,244
55,055,63,050,Wi,"County Non-Migrant",25307,58427,908800
55,057,00,001,Wi,Juneau,585,1136,12411
55,057,55,111,Wi,Sauk,98,192,1863
55,057,55,081,Wi,Monroe,64,129,1379
55,057,55,025,Wi,Dane,35,47,588
55,057,55,063,Wi,"La Crosse",31,45,404
55,057,55,021,Wi,Columbia,24,40,394
55,057,55,123,Wi,Vernon,23,50,470
55,057,55,001,Wi,Adams,19,40,527
55,057,55,141,Wi,Wood,19,53,596
55,057,55,079,Wi,Milwaukee,14,25,299
55,057,63,020,XX,"Same State",114,235,2791
55,057,63,021,XX,"Same Region, Diff. State",71,141,1380
55,057,63,022,XX,"Different Region",73,139,1720
55,057,63,050,Wi,"County Non-Migrant",7801,17976,219063
55,059,00,001,Wi,Kenosha,3147,6075,89928
55,059,55,101,Wi,Racine,551,1068,15831
55,059,17,097,Il,Lake,380,734,11211
55,059,55,079,Wi,Milwaukee,212,287,5407
55,059,17,031,Il,Cook,174,281,4852
55,059,55,127,Wi,Walworth,145,282,3564
55,059,55,025,Wi,Dane,60,83,1361
55,059,04,013,Az,Maricopa,59,107,1487
55,059,17,111,Il,McHenry,54,105,1499
55,059,55,133,Wi,Waukesha,44,100,1733
55,059,17,043,Il,"Du Page",35,70,1566
55,059,27,053,Mn,Hennepin,23,32,644
55,059,32,003,Nv,Clark,22,50,574
55,059,55,105,Wi,Rock,20,38,563
55,059,55,009,Wi,Brown,19,31,376
55,059,57,001,FR,"Foreign / Overseas",18,25,313
55,059,17,089,Il,Kane,18,32,552
55,059,12,103,Fl,Pinellas,17,39,696
55,059,55,139,Wi,Winnebago,17,30,321
55,059,55,057,Wi,Juneau,16,34,196
55,059,57,005,FR,"APO / FPO Zip Code",14,32,372
55,059,55,073,Wi,Marathon,13,24,379
55,059,55,117,Wi,Sheboygan,13,32,405
55,059,51,810,Va,"Virginia Beach city",13,38,372
55,059,17,201,Il,Winnebago,13,21,396
55,059,06,073,Ca,"San Diego",12,26,368
55,059,55,063,Wi,"La Crosse",12,16,105
55,059,55,035,Wi,"Eau Claire",11,23,383
55,059,06,037,Ca,"Los Angeles",10,11,226
55,059,55,087,Wi,Outagamie,10,16,263
55,059,63,010,XX,"Same State",210,455,6190
55,059,63,011,XX,"Region 1: Northeast",46,89,1769
55,059,63,012,XX,"Region 2: Midwest",328,716,9840
55,059,63,013,XX,"Region 3: South",384,806,11444
55,059,63,014,XX,"Region 4: West",174,342,4670
55,059,63,050,Wi,"County Non-Migrant",46774,104927,1698448
55,061,00,001,Wi,Kewaunee,372,681,8262
55,061,55,009,Wi,Brown,166,279,3904
55,061,55,029,Wi,Door,51,99,1105
55,061,55,071,Wi,Manitowoc,26,63,543
55,061,55,079,Wi,Milwaukee,10,14,147
55,061,63,020,XX,"Same State",71,120,1662
55,061,63,021,XX,"Same Region, Diff. State",26,57,570
55,061,63,022,XX,"Different Region",22,49,331
55,061,63,050,Wi,"County Non-Migrant",6944,16656,216573
55,063,00,001,Wi,"La Crosse",2257,3952,60693
55,063,55,123,Wi,Vernon,168,324,4144
55,063,55,081,Wi,Monroe,125,256,2943
55,063,55,025,Wi,Dane,123,183,2432
55,063,27,053,Mn,Hennepin,118,141,2374
55,063,27,055,Mn,Houston,105,200,3083
55,063,55,079,Wi,Milwaukee,90,124,1484
55,063,55,121,Wi,Trempealeau,69,138,1697
55,063,27,169,Mn,Winona,53,94,1326
55,063,55,053,Wi,Jackson,36,78,801
55,063,55,133,Wi,Waukesha,32,57,1060
55,063,27,037,Mn,Dakota,31,48,747
55,063,55,023,Wi,Crawford,28,58,392
55,063,17,031,Il,Cook,28,39,745
55,063,27,123,Mn,Ramsey,26,43,687
55,063,55,035,Wi,"Eau Claire",26,45,724
55,063,04,013,Az,Maricopa,25,34,1374
55,063,55,111,Wi,Sauk,23,37,433
55,063,55,009,Wi,Brown,23,35,564
55,063,55,073,Wi,Marathon,23,43,528
55,063,27,109,Mn,Olmsted,22,31,556
55,063,55,097,Wi,Portage,21,29,553
55,063,55,057,Wi,Juneau,17,23,309
55,063,55,141,Wi,Wood,17,34,417
55,063,55,139,Wi,Winnebago,16,31,587
55,063,55,105,Wi,Rock,15,19,309
55,063,55,087,Wi,Outagamie,15,24,384
55,063,55,117,Wi,Sheboygan,14,22,326
55,063,55,017,Wi,Chippewa,13,19,352
55,063,57,001,FR,"Foreign / Overseas",12,14,175
55,063,55,043,Wi,Grant,10,14,156
55,063,63,010,XX,"Same State",184,329,4694
55,063,63,011,XX,"Region 1: Northeast",63,112,1390
55,063,63,012,XX,"Region 2: Midwest",322,655,10301
55,063,63,013,XX,"Region 3: South",195,350,8976
55,063,63,014,XX,"Region 4: West",169,269,3670
55,063,63,050,Wi,"County Non-Migrant",34365,76400,1264772
55,065,00,001,Wi,Lafayette,359,649,7608
55,065,55,045,Wi,Green,84,157,1820
55,065,55,043,Wi,Grant,76,151,1366
55,065,55,025,Wi,Dane,43,55,831
55,065,55,049,Wi,Iowa,32,72,900
55,065,17,085,Il,"Jo Daviess",10,17,161
55,065,63,020,XX,"Same State",47,71,846
55,065,63,021,XX,"Same Region, Diff. State",42,75,1182
55,065,63,022,XX,"Different Region",25,51,502
55,065,63,050,Wi,"County Non-Migrant",5507,13418,137187
55,067,00,001,Wi,Langlade,382,688,7491
55,067,55,073,Wi,Marathon,53,95,980
55,067,55,115,Wi,Shawano,30,66,477
55,067,55,069,Wi,Lincoln,21,37,400
55,067,55,139,Wi,Winnebago,18,30,268
55,067,55,009,Wi,Brown,17,23,400
55,067,55,085,Wi,Oneida,17,35,331
55,067,55,087,Wi,Outagamie,14,21,229
55,067,55,079,Wi,Milwaukee,14,20,265
55,067,55,041,Wi,Forest,12,23,161
55,067,55,097,Wi,Portage,10,19,223
55,067,63,020,XX,"Same State",88,158,1964
55,067,63,021,XX,"Same Region, Diff. State",41,81,646
55,067,63,022,XX,"Different Region",47,80,1147
55,067,63,050,Wi,"County Non-Migrant",6864,16010,194678
55,069,00,001,Wi,Lincoln,602,1163,14122
55,069,55,073,Wi,Marathon,162,352,3911
55,069,55,085,Wi,Oneida,47,91,1438
55,069,55,067,Wi,Langlade,29,62,643
55,069,55,097,Wi,Portage,18,28,317
55,069,55,079,Wi,Milwaukee,17,23,397
55,069,55,139,Wi,Winnebago,12,16,152
55,069,55,025,Wi,Dane,12,14,198
55,069,55,119,Wi,Taylor,11,17,297
55,069,63,010,XX,"Same State",126,243,2651
55,069,63,011,XX,"Region 1: Northeast",11,18,255
55,069,63,012,XX,"Region 2: Midwest",69,138,1853
55,069,63,013,XX,"Region 3: South",52,105,1185
55,069,63,014,XX,"Region 4: West",36,56,825
55,069,63,050,Wi,"County Non-Migrant",10462,24424,335255
55,071,00,001,Wi,Manitowoc,1215,2161,31350
55,071,55,117,Wi,Sheboygan,169,306,4403
55,071,55,009,Wi,Brown,144,267,3590
55,071,55,079,Wi,Milwaukee,90,102,1944
55,071,55,015,Wi,Calumet,63,130,1736
55,071,55,139,Wi,Winnebago,49,77,1064
55,071,55,025,Wi,Dane,46,56,935
55,071,55,087,Wi,Outagamie,44,70,952
55,071,55,133,Wi,Waukesha,26,48,953
55,071,55,075,Wi,Marinette,18,34,462
55,071,55,039,Wi,"Fond du Lac",18,34,407
55,071,55,061,Wi,Kewaunee,17,33,400
55,071,55,073,Wi,Marathon,16,33,507
55,071,55,029,Wi,Door,15,26,511
55,071,17,031,Il,Cook,13,14,261
55,071,27,053,Mn,Hennepin,12,17,218
55,071,55,097,Wi,Portage,11,19,167
55,071,63,010,XX,"Same State",140,272,3603
55,071,63,011,XX,"Region 1: Northeast",20,43,901
55,071,63,012,XX,"Region 2: Midwest",111,220,3276
55,071,63,013,XX,"Region 3: South",89,184,2496
55,071,63,014,XX,"Region 4: West",89,155,1981
55,071,63,015,XX,Foreign,15,21,583
55,071,63,050,Wi,"County Non-Migrant",29615,68469,1038639
55,073,00,001,Wi,Marathon,2282,4336,67672
55,073,55,069,Wi,Lincoln,192,424,5299
55,073,55,141,Wi,Wood,155,309,3854
55,073,55,097,Wi,Portage,119,189,3211
55,073,55,025,Wi,Dane,111,168,2790
55,073,55,019,Wi,Clark,99,195,2496
55,073,55,115,Wi,Shawano,85,186,1874
55,073,55,079,Wi,Milwaukee,71,105,1949
55,073,55,009,Wi,Brown,69,115,1728
55,073,55,085,Wi,Oneida,54,107,1853
55,073,27,053,Mn,Hennepin,48,67,996
55,073,55,139,Wi,Winnebago,44,78,1094
55,073,55,087,Wi,Outagamie,44,97,1259
55,073,55,035,Wi,"Eau Claire",41,65,723
55,073,55,067,Wi,Langlade,40,83,834
55,073,55,119,Wi,Taylor,38,70,712
55,073,55,063,Wi,"La Crosse",27,39,525
55,073,55,133,Wi,Waukesha,24,47,858
55,073,27,037,Mn,Dakota,23,39,649
55,073,17,031,Il,Cook,23,27,656
55,073,55,135,Wi,Waupaca,22,47,457
55,073,55,125,Wi,Vilas,20,34,431
55,073,27,123,Mn,Ramsey,18,28,341
55,073,55,039,Wi,"Fond du Lac",17,31,429
55,073,55,033,Wi,Dunn,16,25,201
55,073,55,099,Wi,Price,14,24,698
55,073,55,101,Wi,Racine,13,24,499
55,073,04,013,Az,Maricopa,10,20,317
55,073,57,005,FR,"APO / FPO Zip Code",10,12,129
55,073,63,010,XX,"Same State",199,367,4459
55,073,63,011,XX,"Region 1: Northeast",33,62,1458
55,073,63,012,XX,"Region 2: Midwest",286,605,10959
55,073,63,013,XX,"Region 3: South",190,393,10213
55,073,63,014,XX,"Region 4: West",127,254,3721
55,073,63,050,Wi,"County Non-Migrant",41756,98871,1556905
55,075,00,001,Wi,Marinette,865,1649,18203
55,075,55,009,Wi,Brown,134,206,2591
55,075,26,109,Mi,Menominee,110,231,2118
55,075,55,083,Wi,Oconto,55,106,1026
55,075,26,043,Mi,Dickinson,35,68,722
55,075,55,079,Wi,Milwaukee,33,55,722
55,075,55,139,Wi,Winnebago,22,37,321
55,075,55,087,Wi,Outagamie,20,38,462
55,075,55,025,Wi,Dane,17,25,221
55,075,55,037,Wi,Florence,14,31,397
55,075,55,117,Wi,Sheboygan,13,27,225
55,075,04,013,Az,Maricopa,10,19,128
55,075,55,071,Wi,Manitowoc,10,19,298
55,075,55,115,Wi,Shawano,10,18,205
55,075,27,053,Mn,Hennepin,10,22,151
55,075,55,039,Wi,"Fond du Lac",10,19,214
55,075,63,010,XX,"Same State",113,239,2984
55,075,63,011,XX,"Region 1: Northeast",23,43,386
55,075,63,012,XX,"Region 2: Midwest",102,204,2512
55,075,63,013,XX,"Region 3: South",67,134,1412
55,075,63,014,XX,"Region 4: West",57,108,1108
55,075,63,050,Wi,"County Non-Migrant",14278,33937,434153
55,077,00,001,Wi,Marquette,348,660,7215
55,077,55,021,Wi,Columbia,61,115,1264
55,077,55,025,Wi,Dane,33,52,640
55,077,55,137,Wi,Waushara,27,49,425
55,077,55,001,Wi,Adams,19,43,382
55,077,55,047,Wi,"Green Lake",15,27,345
55,077,55,111,Wi,Sauk,13,18,232
55,077,55,039,Wi,"Fond du Lac",11,17,157
55,077,63,020,XX,"Same State",90,174,2228
55,077,63,021,XX,"Same Region, Diff. State",36,80,671
55,077,63,022,XX,"Different Region",43,85,871
55,077,63,050,Wi,"County Non-Migrant",4569,10352,118411
55,078,00,001,Wi,Menominee,72,142,1308
55,078,55,115,Wi,Shawano,21,48,365
55,078,55,009,Wi,Brown,16,31,294
55,078,63,030,XX,"Suppress All Flows",35,63,649
55,078,63,050,Wi,"County Non-Migrant",1085,2727,22557
55,079,00,001,Wi,Milwaukee,19474,36111,695649
55,079,55,133,Wi,Waukesha,5243,10389,223907
55,079,55,131,Wi,Washington,1242,2524,48963
55,079,55,089,Wi,Ozaukee,1062,2034,54980
55,079,55,101,Wi,Racine,857,1710,31970
55,079,17,031,Il,Cook,633,937,18275
55,079,55,025,Wi,Dane,529,775,13327
55,079,27,053,Mn,Hennepin,281,398,7233
55,079,04,013,Az,Maricopa,267,423,10633
55,079,55,117,Wi,Sheboygan,257,500,8111
55,079,55,009,Wi,Brown,234,429,7182
55,079,55,127,Wi,Walworth,221,447,6937
55,079,55,059,Wi,Kenosha,186,321,5982
55,079,55,055,Wi,Jefferson,172,366,6437
55,079,55,139,Wi,Winnebago,167,252,3520
55,079,55,087,Wi,Outagamie,159,267,4898
55,079,55,027,Wi,Dodge,152,334,4261
55,079,55,039,Wi,"Fond du Lac",135,255,3821
55,079,06,037,Ca,"Los Angeles",121,205,3455
55,079,32,003,Nv,Clark,118,174,2578
55,079,17,097,Il,Lake,114,208,4598
55,079,17,043,Il,"Du Page",95,157,4545
55,079,57,001,FR,"Foreign / Overseas",95,189,3088
55,079,06,073,Ca,"San Diego",93,141,2030
55,079,55,073,Wi,Marathon,84,167,2509
55,079,55,075,Wi,Marinette,79,152,1995
55,079,55,105,Wi,Rock,76,129,2226
55,079,53,033,Wa,King,73,112,1752
55,079,27,123,Mn,Ramsey,73,113,1665
55,079,48,113,Tx,Dallas,73,121,2165
55,079,55,135,Wi,Waupaca,69,136,2036
55,079,13,089,Ga,"De Kalb",67,121,1430
55,079,55,097,Wi,Portage,65,124,1694
55,079,55,141,Wi,Wood,65,126,2092
55,079,55,063,Wi,"La Crosse",63,86,1491
55,079,55,085,Wi,Oneida,62,119,1655
55,079,48,201,Tx,Harris,60,86,1485
55,079,55,137,Wi,Waushara,59,124,1599
55,079,04,019,Az,Pima,58,90,2018
55,079,47,157,Tn,Shelby,58,122,1494
55,079,36,061,NY,"New York",57,66,1594
55,079,13,121,Ga,Fulton,56,86,982
55,079,12,103,Fl,Pinellas,55,79,1201
55,079,26,125,Mi,Oakland,55,109,2415
55,079,55,125,Wi,Vilas,53,96,1801
55,079,18,097,In,Marion,53,92,1831
55,079,26,163,Mi,Wayne,51,89,1205
55,079,55,029,Wi,Door,51,96,1318
55,079,55,115,Wi,Shawano,50,93,1471
55,079,13,067,Ga,Cobb,49,86,1509
55,079,55,071,Wi,Manitowoc,49,92,1348
55,079,29,189,Mo,"St. Louis",49,105,2494
55,079,55,035,Wi,"Eau Claire",48,93,1168
55,079,06,059,Ca,Orange,48,77,2906
55,079,12,057,Fl,Hillsborough,48,67,1523
55,079,12,095,Fl,Orange,48,100,1058
55,079,55,077,Wi,Marquette,44,85,1263
55,079,57,005,FR,"APO / FPO Zip Code",44,64,674
55,079,55,083,Wi,Oconto,44,92,1266
55,079,12,071,Fl,Lee,43,78,1409
55,079,27,037,Mn,Dakota,42,69,1302
55,079,55,021,Wi,Columbia,42,80,1194
55,079,12,011,Fl,Broward,42,71,1925
55,079,55,001,Wi,Adams,42,84,1208
55,079,39,035,Oh,Cuyahoga,39,74,2048
55,079,55,111,Wi,Sauk,38,63,1512
55,079,17,201,Il,Winnebago,38,64,927
55,079,18,089,In,Lake,37,76,517
55,079,06,075,Ca,"San Francisco",36,49,922
55,079,48,439,Tx,Tarrant,35,65,948
55,079,39,049,Oh,Franklin,34,66,1753
55,079,48,029,Tx,Bexar,34,67,938
55,079,12,099,Fl,"Palm Beach",33,52,4128
55,079,17,089,Il,Kane,33,65,1274
55,079,55,057,Wi,Juneau,33,63,949
55,079,31,055,Ne,Douglas,32,64,1245
55,079,12,025,Fl,Dade,32,59,993
55,079,55,047,Wi,"Green Lake",31,59,1062
55,079,39,061,Oh,Hamilton,31,50,1371
55,079,06,085,Ca,"Santa Clara",30,56,746
55,079,37,119,NC,Mecklenburg,30,55,1328
55,079,08,031,Co,Denver,29,39,806
55,079,35,001,NM,Bernalillo,29,48,704
55,079,12,031,Fl,Duval,29,52,922
55,079,47,037,Tn,Davidson,28,40,591
55,079,08,005,Co,Arapahoe,28,54,771
55,079,55,043,Wi,Grant,28,49,619
55,079,55,069,Wi,Lincoln,27,37,665
55,079,11,001,DC,"Wash.,D.C.",27,34,580
55,079,12,115,Fl,Sarasota,27,41,997
55,079,42,101,Pa,Philadelphia,27,44,705
55,079,41,051,Or,Multnomah,27,34,502
55,079,08,013,Co,Boulder,27,37,771
55,079,06,001,Ca,Alameda,25,37,993
55,079,29,095,Mo,Jackson,25,35,730
55,079,55,067,Wi,Langlade,25,44,425
55,079,48,453,Tx,Travis,24,38,424
55,079,08,041,Co,"El Paso",24,39,666
55,079,13,135,Ga,Gwinnett,24,50,857
55,079,12,021,Fl,Collier,23,45,2228
55,079,17,111,Il,McHenry,23,51,941
55,079,21,111,Ky,Jefferson,23,38,610
55,079,08,001,Co,Adams,22,32,739
55,079,24,031,Md,Montgomery,22,48,748
55,079,17,197,Il,Will,22,38,774
55,079,15,003,Hi,Honolulu,22,32,567
55,079,55,033,Wi,Dunn,22,41,504
55,079,26,161,Mi,Washtenaw,22,41,847
55,079,12,117,Fl,Seminole,21,31,651
55,079,08,059,Co,Jefferson,21,35,624
55,079,51,059,Va,Fairfax,21,31,666
55,079,26,081,Mi,Kent,21,39,556
55,079,06,013,Ca,"Contra Costa",21,36,1374
55,079,55,041,Wi,Forest,20,36,405
55,079,18,141,In,"St. Joseph",20,36,768
55,079,55,081,Wi,Monroe,20,31,487
55,079,27,109,Mn,Olmsted,20,29,529
55,079,06,065,Ca,Riverside,19,33,450
55,079,25,017,Ma,Middlesex,19,24,454
55,079,20,091,Ks,Johnson,18,27,941
55,079,25,025,Ma,Suffolk,18,24,2188
55,079,42,003,Pa,Allegheny,18,31,781
55,079,29,510,Mo,"St. Louis city",18,30,264
55,079,27,163,Mn,Washington,18,36,840
55,079,53,053,Wa,Pierce,17,42,361
55,079,55,015,Wi,Calumet,17,36,678
55,079,28,049,Ms,Hinds,17,36,214
55,079,12,009,Fl,Brevard,17,25,320
55,079,40,143,Ok,Tulsa,17,21,310
55,079,12,105,Fl,Polk,16,30,793
55,079,18,003,In,Allen,16,29,483
55,079,49,035,Ut,"Salt Lake",16,25,714
55,079,55,017,Wi,Chippewa,16,21,330
55,079,36,047,NY,Kings,15,18,222
55,079,32,031,Nv,Washoe,15,24,342
55,079,06,071,Ca,"San Bernardino",15,30,379
55,079,27,003,Mn,Anoka,15,28,523
55,079,55,005,Wi,Barron,15,31,521
55,079,18,157,In,Tippecanoe,15,23,322
55,079,48,027,Tx,Bell,14,21,189
55,079,19,103,Ia,Johnson,14,22,283
55,079,41,039,Or,Lane,14,21,770
55,079,55,099,Wi,Price,14,29,387
55,079,22,051,La,Jefferson,14,17,361
55,079,17,019,Il,Champaign,14,18,199
55,079,37,081,NC,Guilford,14,21,384
55,079,39,113,Oh,Montgomery,14,16,474
55,079,55,113,Wi,Sawyer,14,24,750
55,079,26,041,Mi,Delta,14,26,194
55,079,45,019,SC,Charleston,14,22,536
55,079,26,021,Mi,Berrien,14,33,372
55,079,55,121,Wi,Trempealeau,14,25,378
55,079,24,510,Md,"Baltimore city",13,16,204
55,079,26,043,Mi,Dickinson,13,27,449
55,079,26,109,Mi,Menominee,13,23,304
55,079,12,081,Fl,Manatee,13,22,365
55,079,27,137,Mn,"St. Louis",13,21,322
55,079,37,183,NC,Wake,13,25,435
55,079,55,031,Wi,Douglas,13,22,354
55,079,55,053,Wi,Jackson,13,31,428
55,079,47,113,Tn,Madison,13,21,168
55,079,19,153,Ia,Polk,12,26,697
55,079,27,169,Mn,Winona,12,15,273
55,079,17,113,Il,McLean,12,26,500
55,079,17,143,Il,Peoria,12,19,517
55,079,53,063,Wa,Spokane,12,20,383
55,079,17,167,Il,Sangamon,12,18,239
55,079,12,127,Fl,Volusia,12,22,363
55,079,08,069,Co,Larimer,12,18,241
55,079,12,069,Fl,Lake,12,23,337
55,079,37,133,NC,Onslow,12,30,203
55,079,48,141,Tx,"El Paso",12,21,252
55,079,06,067,Ca,Sacramento,12,23,236
55,079,48,085,Tx,Collin,12,34,758
55,079,55,119,Wi,Taylor,12,21,288
55,079,48,215,Tx,Hidalgo,11,28,360
55,079,26,077,Mi,Kalamazoo,11,14,347
55,079,37,067,NC,Forsyth,11,24,294
55,079,19,113,Ia,Linn,11,21,296
55,079,17,091,Il,Kankakee,11,26,359
55,079,39,153,Oh,Summit,11,17,359
55,079,39,095,Oh,Lucas,11,22,323
55,079,55,109,Wi,"St. Croix",11,22,519
55,079,12,101,Fl,Pasco,11,18,453
55,079,26,139,Mi,Ottawa,11,26,460
55,079,05,119,Ar,Pulaski,11,22,302
55,079,48,121,Tx,Denton,11,20,452
55,079,36,029,NY,Erie,11,22,375
55,079,18,057,In,Hamilton,11,25,730
55,079,01,073,Al,Jefferson,11,20,214
55,079,26,065,Mi,Ingham,10,21,381
55,079,19,013,Ia,"Black Hawk",10,19,295
55,079,06,019,Ca,Fresno,10,30,605
55,079,37,051,NC,Cumberland,10,16,187
55,079,45,079,SC,Richland,10,16,484
55,079,05,069,Ar,Jefferson,10,26,122
55,079,05,051,Ar,Garland,10,19,487
55,079,29,077,Mo,Greene,10,34,313
55,079,05,007,Ar,Benton,10,19,271
55,079,22,071,La,Orleans,10,18,237
55,079,41,005,Or,Clackamas,10,18,700
55,079,47,093,Tn,Knox,10,18,560
55,079,26,049,Mi,Genesee,10,18,252
55,079,18,039,In,Elkhart,10,27,164
55,079,63,010,XX,"Same State",121,231,3316
55,079,63,011,XX,"Region 1: Northeast",301,549,12120
55,079,63,012,XX,"Region 2: Midwest",579,1131,16068
55,079,63,013,XX,"Region 3: South",915,1793,24075
55,079,63,014,XX,"Region 4: West",297,457,7637
55,079,63,050,Wi,"County Non-Migrant",335688,682133,11804242
55,081,00,001,Wi,Monroe,832,1665,18544
55,081,55,063,Wi,"La Crosse",145,256,2811
55,081,55,057,Wi,Juneau,69,147,1465
55,081,55,025,Wi,Dane,46,63,881
55,081,55,123,Wi,Vernon,45,94,769
55,081,55,053,Wi,Jackson,41,98,809
55,081,55,035,Wi,"Eau Claire",20,31,428
55,081,55,009,Wi,Brown,11,22,265
55,081,55,141,Wi,Wood,10,17,262
55,081,55,079,Wi,Milwaukee,10,15,200
55,081,63,010,XX,"Same State",137,269,3140
55,081,63,011,XX,"Region 1: Northeast",18,50,446
55,081,63,012,XX,"Region 2: Midwest",125,269,2917
55,081,63,013,XX,"Region 3: South",82,181,2394
55,081,63,014,XX,"Region 4: West",73,153,1757
55,081,63,050,Wi,"County Non-Migrant",12959,30816,370984
55,083,00,001,Wi,Oconto,759,1467,18712
55,083,55,009,Wi,Brown,346,630,8996
55,083,55,075,Wi,Marinette,62,142,1393
55,083,55,087,Wi,Outagamie,29,54,878
55,083,55,079,Wi,Milwaukee,26,38,458
55,083,55,115,Wi,Shawano,25,59,510
55,083,55,139,Wi,Winnebago,18,22,191
55,083,63,010,XX,"Same State",107,215,2342
55,083,63,011,XX,"Region 1: Northeast",13,21,349
55,083,63,012,XX,"Region 2: Midwest",62,124,1304
55,083,63,013,XX,"Region 3: South",47,96,1724
55,083,63,014,XX,"Region 4: West",24,66,567
55,083,63,050,Wi,"County Non-Migrant",11035,26563,331099
55,085,00,001,Wi,Oneida,823,1447,19995
55,085,55,125,Wi,Vilas,96,203,2749
55,085,55,069,Wi,Lincoln,54,105,1151
55,085,55,073,Wi,Marathon,46,79,1074
55,085,55,025,Wi,Dane,35,50,3327
55,085,55,079,Wi,Milwaukee,32,36,438
55,085,27,053,Mn,Hennepin,20,26,325
55,085,55,009,Wi,Brown,18,26,240
55,085,55,097,Wi,Portage,17,22,277
55,085,55,133,Wi,Waukesha,17,27,291
55,085,04,013,Az,Maricopa,15,23,290
55,085,55,139,Wi,Winnebago,13,24,181
55,085,55,027,Wi,Dodge,12,13,178
55,085,55,067,Wi,Langlade,12,29,247
55,085,55,141,Wi,Wood,12,23,184
55,085,55,041,Wi,Forest,11,25,227
55,085,17,031,Il,Cook,11,16,169
55,085,55,035,Wi,"Eau Claire",11,20,221
55,085,63,020,XX,"Same State",145,276,3382
55,085,63,021,XX,"Same Region, Diff. State",96,168,2077
55,085,63,022,XX,"Different Region",150,256,2967
55,085,63,050,Wi,"County Non-Migrant",12372,27808,396089
55,087,00,001,Wi,Outagamie,3964,7316,124754
55,087,55,139,Wi,Winnebago,1087,1979,31064
55,087,55,009,Wi,Brown,350,632,9975
55,087,55,015,Wi,Calumet,321,630,10622
55,087,55,135,Wi,Waupaca,271,548,7723
55,087,55,025,Wi,Dane,116,164,3790
55,087,55,079,Wi,Milwaukee,105,141,2547
55,087,55,133,Wi,Waukesha,56,115,2686
55,087,55,115,Wi,Shawano,55,117,1826
55,087,27,053,Mn,Hennepin,53,70,1090
55,087,17,031,Il,Cook,45,62,1805
55,087,55,039,Wi,"Fond du Lac",42,69,1127
55,087,55,083,Wi,Oconto,35,76,941
55,087,55,073,Wi,Marathon,32,74,861
55,087,55,117,Wi,Sheboygan,28,52,908
55,087,55,071,Wi,Manitowoc,26,39,590
55,087,04,013,Az,Maricopa,26,47,677
55,087,55,097,Wi,Portage,26,39,604
55,087,55,085,Wi,Oneida,24,54,624
55,087,55,137,Wi,Waushara,23,32,539
55,087,55,067,Wi,Langlade,22,48,614
55,087,55,075,Wi,Marinette,22,43,699
55,087,55,141,Wi,Wood,21,48,581
55,087,55,063,Wi,"La Crosse",20,36,413
55,087,55,029,Wi,Door,20,37,4167
55,087,55,035,Wi,"Eau Claire",19,29,729
55,087,27,037,Mn,Dakota,18,31,471
55,087,55,089,Wi,Ozaukee,18,36,547
55,087,55,027,Wi,Dodge,17,40,417
55,087,57,001,FR,"Foreign / Overseas",17,35,433
55,087,27,123,Mn,Ramsey,15,19,364
55,087,32,003,Nv,Clark,15,35,417
55,087,55,131,Wi,Washington,14,31,701
55,087,48,113,Tx,Dallas,12,23,417
55,087,26,041,Mi,Delta,11,17,298
55,087,55,125,Wi,Vilas,10,18,224
55,087,55,041,Wi,Forest,10,18,187
55,087,55,078,Wi,Menominee,10,20,267
55,087,55,069,Wi,Lincoln,10,19,224
55,087,17,043,Il,"Du Page",10,13,370
55,087,63,010,XX,"Same State",124,217,3020
55,087,63,011,XX,"Region 1: Northeast",82,139,3355
55,087,63,012,XX,"Region 2: Midwest",285,572,9727
55,087,63,013,XX,"Region 3: South",274,569,11537
55,087,63,014,XX,"Region 4: West",167,283,4576
55,087,63,050,Wi,"County Non-Migrant",54483,130287,2242740
55,089,00,001,Wi,Ozaukee,2313,4362,97768
55,089,55,079,Wi,Milwaukee,657,987,26223
55,089,55,131,Wi,Washington,304,618,11507
55,089,55,117,Wi,Sheboygan,206,445,7524
55,089,55,133,Wi,Waukesha,143,270,6763
55,089,55,025,Wi,Dane,52,79,1387
55,089,17,031,Il,Cook,40,64,1780
55,089,04,013,Az,Maricopa,29,67,2422
55,089,55,039,Wi,"Fond du Lac",29,60,852
55,089,27,053,Mn,Hennepin,26,33,703
55,089,55,009,Wi,Brown,21,36,546
55,089,55,087,Wi,Outagamie,18,44,727
55,089,17,043,Il,"Du Page",16,30,693
55,089,55,027,Wi,Dodge,15,28,481
55,089,55,139,Wi,Winnebago,14,24,350
55,089,55,101,Wi,Racine,14,27,575
55,089,55,071,Wi,Manitowoc,12,22,371
55,089,63,010,XX,"Same State",156,305,4759
55,089,63,011,XX,"Region 1: Northeast",60,161,5572
55,089,63,012,XX,"Region 2: Midwest",167,380,9578
55,089,63,013,XX,"Region 3: South",210,459,10993
55,089,63,014,XX,"Region 4: West",111,205,3722
55,089,63,015,XX,Foreign,13,18,240
55,089,63,050,Wi,"County Non-Migrant",27465,66872,1677043
55,091,00,001,Wi,Pepin,173,321,3280
55,091,55,035,Wi,"Eau Claire",25,38,550
55,091,55,093,Wi,Pierce,25,48,493
55,091,55,033,Wi,Dunn,22,39,375
55,091,55,011,Wi,Buffalo,14,38,291
55,091,63,020,XX,"Same State",33,58,728
55,091,63,021,XX,"Same Region, Diff. State",36,67,616
55,091,63,022,XX,"Different Region",18,33,227
55,091,63,050,Wi,"County Non-Migrant",2449,5954,67425
55,093,00,001,Wi,Pierce,924,1587,23219
55,093,55,109,Wi,"St. Croix",164,272,4473
55,093,27,037,Mn,Dakota,82,134,1966
55,093,27,123,Mn,Ramsey,60,83,1352
55,093,27,049,Mn,Goodhue,56,106,1194
55,093,27,053,Mn,Hennepin,50,64,1038
55,093,55,033,Wi,Dunn,41,71,975
55,093,27,163,Mn,Washington,41,62,1139
55,093,55,091,Wi,Pepin,21,44,531
55,093,55,025,Wi,Dane,19,28,360
55,093,55,035,Wi,"Eau Claire",17,29,231
55,093,55,095,Wi,Polk,16,29,542
55,093,55,017,Wi,Chippewa,15,28,290
55,093,27,003,Mn,Anoka,10,17,221
55,093,63,010,XX,"Same State",112,212,2838
55,093,63,011,XX,"Region 1: Northeast",21,34,342
55,093,63,012,XX,"Region 2: Midwest",97,183,2750
55,093,63,013,XX,"Region 3: South",50,92,1653
55,093,63,014,XX,"Region 4: West",52,99,1324
55,093,63,050,Wi,"County Non-Migrant",11221,26936,400281
55,095,00,001,Wi,Polk,733,1377,15774
55,095,55,109,Wi,"St. Croix",108,175,2490
55,095,55,005,Wi,Barron,95,191,1830
55,095,55,013,Wi,Burnett,50,110,1116
55,095,27,123,Mn,Ramsey,46,74,910
55,095,27,053,Mn,Hennepin,42,63,871
55,095,27,163,Mn,Washington,25,41,672
55,095,55,093,Wi,Pierce,17,33,360
55,095,55,033,Wi,Dunn,17,46,641
55,095,27,037,Mn,Dakota,17,31,445
55,095,27,025,Mn,Chisago,15,40,302
55,095,55,035,Wi,"Eau Claire",13,15,207
55,095,27,003,Mn,Anoka,12,27,275
55,095,55,129,Wi,Washburn,10,22,131
55,095,55,017,Wi,Chippewa,10,21,258
55,095,63,010,XX,"Same State",60,120,1294
55,095,63,011,XX,"Region 1: Northeast",11,13,187
55,095,63,012,XX,"Region 2: Midwest",86,167,1810
55,095,63,013,XX,"Region 3: South",49,89,1122
55,095,63,014,XX,"Region 4: West",50,99,853
55,095,63,050,Wi,"County Non-Migrant",12512,29784,389751
55,097,00,001,Wi,Portage,1411,2487,36112
55,097,55,141,Wi,Wood,162,278,3542
55,097,55,073,Wi,Marathon,120,204,2611
55,097,55,025,Wi,Dane,87,119,1663
55,097,55,135,Wi,Waupaca,73,151,1622
55,097,55,079,Wi,Milwaukee,53,69,871
55,097,55,087,Wi,Outagamie,51,92,1065
55,097,55,009,Wi,Brown,40,72,1050
55,097,55,139,Wi,Winnebago,39,77,867
55,097,55,137,Wi,Waushara,33,70,790
55,097,27,053,Mn,Hennepin,31,48,550
55,097,55,133,Wi,Waukesha,30,40,689
55,097,17,031,Il,Cook,24,33,521
55,097,55,035,Wi,"Eau Claire",21,25,383
55,097,55,085,Wi,Oneida,18,39,758
55,097,27,123,Mn,Ramsey,18,30,404
55,097,04,013,Az,Maricopa,15,26,378
55,097,55,069,Wi,Lincoln,15,26,360
55,097,55,063,Wi,"La Crosse",14,17,192
55,097,55,117,Wi,Sheboygan,13,19,215
55,097,55,067,Wi,Langlade,12,19,231
55,097,27,037,Mn,Dakota,11,18,519
55,097,55,057,Wi,Juneau,10,23,149
55,097,55,115,Wi,Shawano,10,24,438
55,097,63,010,XX,"Same State",163,316,3912
55,097,63,011,XX,"Region 1: Northeast",15,24,376
55,097,63,012,XX,"Region 2: Midwest",125,238,3600
55,097,63,013,XX,"Region 3: South",115,223,5732
55,097,63,014,XX,"Region 4: West",82,155,2407
55,097,63,015,XX,Foreign,11,12,217
55,097,63,050,Wi,"County Non-Migrant",20765,48687,807958
55,099,00,001,Wi,Price,318,587,8628
55,099,55,003,Wi,Ashland,28,50,471
55,099,55,073,Wi,Marathon,17,23,211
55,099,55,119,Wi,Taylor,12,17,203
55,099,55,079,Wi,Milwaukee,12,15,220
55,099,55,085,Wi,Oneida,11,27,197
55,099,55,025,Wi,Dane,11,18,1892
55,099,63,020,XX,"Same State",125,229,3039
55,099,63,021,XX,"Same Region, Diff. State",49,113,1173
55,099,63,022,XX,"Different Region",53,95,1222
55,099,63,050,Wi,"County Non-Migrant",5402,12794,166527
55,101,00,001,Wi,Racine,3757,7309,122733
55,101,55,079,Wi,Milwaukee,723,1176,19232
55,101,55,059,Wi,Kenosha,461,927,12888
55,101,55,127,Wi,Walworth,225,450,6464
55,101,55,133,Wi,Waukesha,184,400,8179
55,101,17,031,Il,Cook,101,172,2712
55,101,55,025,Wi,Dane,87,148,3183
55,101,17,097,Il,Lake,73,161,2840
55,101,04,013,Az,Maricopa,73,125,1854
55,101,55,131,Wi,Washington,37,72,1179
55,101,55,105,Wi,Rock,36,66,1012
55,101,27,053,Mn,Hennepin,34,49,724
55,101,55,009,Wi,Brown,30,58,1043
55,101,55,055,Wi,Jefferson,27,52,826
55,101,17,043,Il,"Du Page",24,47,1032
55,101,32,003,Nv,Clark,24,37,516
55,101,55,125,Wi,Vilas,22,41,1737
55,101,55,139,Wi,Winnebago,21,44,572
55,101,55,087,Wi,Outagamie,19,54,738
55,101,55,063,Wi,"La Crosse",18,39,427
55,101,55,073,Wi,Marathon,17,50,654
55,101,57,001,FR,"Foreign / Overseas",15,31,968
55,101,12,103,Fl,Pinellas,15,32,489
55,101,55,085,Wi,Oneida,15,39,424
55,101,55,027,Wi,Dodge,14,27,173
55,101,55,039,Wi,"Fond du Lac",14,25,259
55,101,55,117,Wi,Sheboygan,14,26,344
55,101,12,095,Fl,Orange,14,23,275
55,101,26,125,Mi,Oakland,14,29,1056
55,101,06,073,Ca,"San Diego",13,18,297
55,101,55,141,Wi,Wood,13,35,455
55,101,55,057,Wi,Juneau,13,30,517
55,101,55,035,Wi,"Eau Claire",13,22,329
55,101,17,111,Il,McHenry,12,26,327
55,101,55,077,Wi,Marquette,12,29,201
55,101,55,089,Wi,Ozaukee,12,26,813
55,101,27,123,Mn,Ramsey,12,22,172
55,101,12,115,Fl,Sarasota,12,20,594
55,101,57,005,FR,"APO / FPO Zip Code",12,12,105
55,101,39,049,Oh,Franklin,12,24,882
55,101,17,201,Il,Winnebago,11,27,405
55,101,12,101,Fl,Pasco,11,22,302
55,101,55,135,Wi,Waupaca,11,21,403
55,101,12,021,Fl,Collier,11,19,296
55,101,55,075,Wi,Marinette,11,20,243
55,101,55,001,Wi,Adams,11,21,210
55,101,04,019,Az,Pima,11,20,285
55,101,17,089,Il,Kane,11,26,487
55,101,55,021,Wi,Columbia,10,18,361
55,101,55,083,Wi,Oconto,10,25,300
55,101,06,037,Ca,"Los Angeles",10,13,96
55,101,48,113,Tx,Dallas,10,17,295
55,101,63,010,XX,"Same State",184,366,4602
55,101,63,011,XX,"Region 1: Northeast",63,126,3771
55,101,63,012,XX,"Region 2: Midwest",337,785,13125
55,101,63,013,XX,"Region 3: South",402,820,15712
55,101,63,014,XX,"Region 4: West",156,299,5348
55,101,63,050,Wi,"County Non-Migrant",65481,148737,2630680
55,103,00,001,Wi,Richland,414,802,8189
55,103,55,111,Wi,Sauk,64,129,1291
55,103,55,043,Wi,Grant,63,134,1316
55,103,55,025,Wi,Dane,57,77,1146
55,103,55,123,Wi,Vernon,44,99,815
55,103,55,049,Wi,Iowa,17,38,358
55,103,55,063,Wi,"La Crosse",15,17,188
55,103,55,023,Wi,Crawford,12,26,352
55,103,63,020,XX,"Same State",74,141,1593
55,103,63,021,XX,"Same Region, Diff. State",27,66,420
55,103,63,022,XX,"Different Region",41,75,710
55,103,63,050,Wi,"County Non-Migrant",5832,13692,153848
55,105,00,001,Wi,Rock,2790,5047,77847
55,105,55,025,Wi,Dane,458,727,12240
55,105,17,201,Il,Winnebago,334,616,8990
55,105,55,127,Wi,Walworth,149,274,4146
55,105,55,045,Wi,Green,142,270,3548
55,105,55,079,Wi,Milwaukee,96,139,2386
55,105,17,031,Il,Cook,62,106,1696
55,105,55,055,Wi,Jefferson,60,101,1435
55,105,55,133,Wi,Waukesha,51,95,1757
55,105,55,063,Wi,"La Crosse",36,57,861
55,105,27,053,Mn,Hennepin,28,38,513
55,105,55,021,Wi,Columbia,25,39,498
55,105,04,013,Az,Maricopa,24,50,605
55,105,06,073,Ca,"San Diego",22,31,606
55,105,55,059,Wi,Kenosha,21,40,802
55,105,55,001,Wi,Adams,19,48,446
55,105,55,101,Wi,Racine,17,28,446
55,105,55,139,Wi,Winnebago,16,28,346
55,105,55,009,Wi,Brown,16,25,744
55,105,55,043,Wi,Grant,16,31,257
55,105,55,023,Wi,Crawford,15,25,423
55,105,57,001,FR,"Foreign / Overseas",15,17,206
55,105,17,043,Il,"Du Page",15,18,353
55,105,17,089,Il,Kane,15,28,308
55,105,19,153,Ia,Polk,14,26,348
55,105,17,111,Il,McHenry,14,31,444
55,105,17,097,Il,Lake,14,24,479
55,105,55,073,Wi,Marathon,14,33,416
55,105,55,141,Wi,Wood,13,29,383
55,105,55,053,Wi,Jackson,13,35,285
55,105,55,111,Wi,Sauk,13,26,422
55,105,48,201,Tx,Harris,12,22,280
55,105,55,097,Wi,Portage,12,22,281
55,105,04,019,Az,Pima,12,19,345
55,105,17,007,Il,Boone,12,26,1551
55,105,55,057,Wi,Juneau,11,18,134
55,105,55,123,Wi,Vernon,11,25,268
55,105,55,087,Wi,Outagamie,10,19,403
55,105,55,027,Wi,Dodge,10,14,263
55,105,55,035,Wi,"Eau Claire",10,25,466
55,105,27,123,Mn,Ramsey,10,15,198
55,105,57,005,FR,"APO / FPO Zip Code",10,15,166
55,105,63,010,XX,"Same State",150,292,3629
55,105,63,011,XX,"Region 1: Northeast",47,86,1425
55,105,63,012,XX,"Region 2: Midwest",289,622,9288
55,105,63,013,XX,"Region 3: South",283,523,8192
55,105,63,014,XX,"Region 4: West",154,269,4569
55,105,63,050,Wi,"County Non-Migrant",51900,116664,1954962
55,107,00,001,Wi,Rusk,310,602,6197
55,107,55,005,Wi,Barron,44,87,733
55,107,55,017,Wi,Chippewa,30,76,879
55,107,55,035,Wi,"Eau Claire",20,26,285
55,107,55,113,Wi,Sawyer,13,24,211
55,107,55,033,Wi,Dunn,11,24,190
55,107,63,020,XX,"Same State",92,174,1801
55,107,63,021,XX,"Same Region, Diff. State",54,92,868
55,107,63,022,XX,"Different Region",46,99,1230
55,107,63,050,Wi,"County Non-Migrant",4915,11741,123746
55,109,00,001,Wi,"St. Croix",1311,2447,37250
55,109,55,093,Wi,Pierce,145,285,4128
55,109,55,095,Wi,Polk,142,323,4090
55,109,27,123,Mn,Ramsey,125,192,4541
55,109,27,163,Mn,Washington,120,221,3981
55,109,27,053,Mn,Hennepin,81,116,2061
55,109,55,033,Wi,Dunn,58,128,1379
55,109,55,035,Wi,"Eau Claire",41,75,1075
55,109,27,037,Mn,Dakota,34,50,834
55,109,55,005,Wi,Barron,21,42,452
55,109,55,025,Wi,Dane,16,24,407
55,109,27,003,Mn,Anoka,13,23,248
55,109,55,129,Wi,Washburn,11,21,209
55,109,55,017,Wi,Chippewa,11,15,339
55,109,55,013,Wi,Burnett,11,19,237
55,109,63,010,XX,"Same State",123,244,3384
55,109,63,011,XX,"Region 1: Northeast",20,28,402
55,109,63,012,XX,"Region 2: Midwest",161,320,4692
55,109,63,013,XX,"Region 3: South",95,167,2585
55,109,63,014,XX,"Region 4: West",83,154,2206
55,109,63,050,Wi,"County Non-Migrant",19019,46621,787837
55,111,00,001,Wi,Sauk,1311,2417,31109
55,111,55,025,Wi,Dane,300,451,6808
55,111,55,021,Wi,Columbia,172,332,3725
55,111,55,057,Wi,Juneau,91,184,1843
55,111,55,103,Wi,Richland,62,130,1423
55,111,55,049,Wi,Iowa,34,64,693
55,111,55,079,Wi,Milwaukee,31,44,652
55,111,55,063,Wi,"La Crosse",20,33,589
55,111,55,001,Wi,Adams,20,39,271
55,111,55,105,Wi,Rock,19,35,671
55,111,55,133,Wi,Waukesha,16,30,484
55,111,55,077,Wi,Marquette,16,28,290
55,111,55,043,Wi,Grant,15,31,396
55,111,17,031,Il,Cook,13,17,291
55,111,27,053,Mn,Hennepin,12,13,178
55,111,55,081,Wi,Monroe,12,33,186
55,111,55,123,Wi,Vernon,12,23,239
55,111,55,027,Wi,Dodge,11,19,218
55,111,55,055,Wi,Jefferson,11,22,229
55,111,55,097,Wi,Portage,10,15,126
55,111,55,009,Wi,Brown,10,19,244
55,111,63,010,XX,"Same State",133,276,3723
55,111,63,011,XX,"Region 1: Northeast",14,28,271
55,111,63,012,XX,"Region 2: Midwest",113,237,3252
55,111,63,013,XX,"Region 3: South",96,192,2355
55,111,63,014,XX,"Region 4: West",68,122,1952
55,111,63,050,Wi,"County Non-Migrant",18826,42925,627271
55,113,00,001,Wi,Sawyer,326,596,6563
55,113,55,129,Wi,Washburn,27,59,508
55,113,55,005,Wi,Barron,23,48,389
55,113,55,107,Wi,Rusk,17,32,304
55,113,55,035,Wi,"Eau Claire",14,19,223
55,113,27,053,Mn,Hennepin,13,21,219
55,113,55,007,Wi,Bayfield,11,24,231
55,113,63,020,XX,"Same State",97,159,1491
55,113,63,021,XX,"Same Region, Diff. State",65,129,1426
55,113,63,022,XX,"Different Region",59,105,1772
55,113,63,050,Wi,"County Non-Migrant",5067,11419,134013
55,115,00,001,Wi,Shawano,742,1367,15636
55,115,55,009,Wi,Brown,108,206,2750
55,115,55,073,Wi,Marathon,75,131,1697
55,115,55,135,Wi,Waupaca,57,104,1186
55,115,55,087,Wi,Outagamie,51,74,1043
55,115,55,083,Wi,Oconto,44,85,889
55,115,55,067,Wi,Langlade,34,69,726
55,115,55,078,Wi,Menominee,33,84,572
55,115,55,097,Wi,Portage,26,47,351
55,115,55,079,Wi,Milwaukee,25,39,493
55,115,55,139,Wi,Winnebago,22,31,630
55,115,55,025,Wi,Dane,17,27,319
55,115,55,085,Wi,Oneida,11,26,313
55,115,63,020,XX,"Same State",81,152,1806
55,115,63,021,XX,"Same Region, Diff. State",61,109,1133
55,115,63,022,XX,"Different Region",97,183,1728
55,115,63,050,Wi,"County Non-Migrant",12750,29860,370222
55,117,00,001,Wi,Sheboygan,1718,3031,54062
55,117,55,079,Wi,Milwaukee,174,232,4040
55,117,55,071,Wi,Manitowoc,160,307,4784
55,117,55,089,Wi,Ozaukee,115,218,8351
55,117,55,025,Wi,Dane,69,109,1775
55,117,55,039,Wi,"Fond du Lac",67,134,2374
55,117,55,131,Wi,Washington,58,97,1587
55,117,55,009,Wi,Brown,51,91,1893
55,117,55,139,Wi,Winnebago,44,66,1245
55,117,55,015,Wi,Calumet,43,83,1207
55,117,55,133,Wi,Waukesha,35,51,866
55,117,55,087,Wi,Outagamie,34,56,713
55,117,17,031,Il,Cook,34,44,842
55,117,27,053,Mn,Hennepin,26,39,600
55,117,04,013,Az,Maricopa,24,43,1180
55,117,55,063,Wi,"La Crosse",16,25,337
55,117,55,075,Wi,Marinette,13,30,467
55,117,55,127,Wi,Walworth,13,21,416
55,117,17,043,Il,"Du Page",12,16,164
55,117,55,097,Wi,Portage,11,18,179
55,117,55,073,Wi,Marathon,11,16,283
55,117,55,101,Wi,Racine,11,16,349
55,117,55,027,Wi,Dodge,10,13,272
55,117,55,115,Wi,Shawano,10,15,314
55,117,63,010,XX,"Same State",133,250,3455
55,117,63,011,XX,"Region 1: Northeast",31,60,1067
55,117,63,012,XX,"Region 2: Midwest",222,461,8034
55,117,63,013,XX,"Region 3: South",174,320,4565
55,117,63,014,XX,"Region 4: West",107,187,2563
55,117,63,015,XX,Foreign,10,13,140
55,117,63,050,Wi,"County Non-Migrant",39437,90874,1527303
55,119,00,001,Wi,Taylor,368,666,7335
55,119,55,019,Wi,Clark,75,137,1472
55,119,55,073,Wi,Marathon,44,79,798
55,119,55,099,Wi,Price,18,50,374
55,119,55,017,Wi,Chippewa,16,30,250
55,119,55,035,Wi,"Eau Claire",14,22,240
55,119,55,141,Wi,Wood,12,17,311
55,119,55,107,Wi,Rusk,11,30,220
55,119,63,020,XX,"Same State",100,164,2372
55,119,63,021,XX,"Same Region, Diff. State",42,75,793
55,119,63,022,XX,"Different Region",36,62,505
55,119,63,050,Wi,"County Non-Migrant",6272,15510,180724
55,121,00,001,Wi,Trempealeau,562,1044,12910
55,121,55,063,Wi,"La Crosse",113,201,2233
55,121,55,035,Wi,"Eau Claire",95,164,2876
55,121,55,053,Wi,Jackson,46,90,816
55,121,27,169,Mn,Winona,30,56,653
55,121,55,011,Wi,Buffalo,29,57,620
55,121,55,025,Wi,Dane,17,24,428
55,121,55,017,Wi,Chippewa,10,26,520
55,121,27,053,Mn,Hennepin,10,11,169
55,121,63,020,XX,"Same State",102,205,2297
55,121,63,021,XX,"Same Region, Diff. State",58,109,1363
55,121,63,022,XX,"Different Region",52,101,935
55,121,63,050,Wi,"County Non-Migrant",9310,21573,245750
55,123,00,001,Wi,Vernon,587,1099,11658
55,123,55,063,Wi,"La Crosse",163,256,3370
55,123,55,081,Wi,Monroe,54,110,1081
55,123,55,025,Wi,Dane,35,58,559
55,123,55,057,Wi,Juneau,34,65,567
55,123,55,103,Wi,Richland,27,50,442
55,123,55,023,Wi,Crawford,26,63,410
55,123,55,111,Wi,Sauk,14,24,374
55,123,63,020,XX,"Same State",101,204,2065
55,123,63,021,XX,"Same Region, Diff. State",66,150,1389
55,123,63,022,XX,"Different Region",67,119,1401
55,123,63,050,Wi,"County Non-Migrant",8762,20822,223255
55,125,00,001,Wi,Vilas,496,910,10383
55,125,55,085,Wi,Oneida,131,266,3517
55,125,55,079,Wi,Milwaukee,20,31,291
55,125,55,073,Wi,Marathon,15,23,295
55,125,55,009,Wi,Brown,15,23,194
55,125,55,087,Wi,Outagamie,12,17,499
55,125,17,031,Il,Cook,11,16,165
55,125,55,025,Wi,Dane,10,11,173
55,125,63,020,XX,"Same State",103,205,2026
55,125,63,021,XX,"Same Region, Diff. State",79,137,1476
55,125,63,022,XX,"Different Region",100,181,1747
55,125,63,050,Wi,"County Non-Migrant",6730,14523,175706
55,127,00,001,Wi,Walworth,2117,3848,59186
55,127,55,133,Wi,Waukesha,182,326,5369
55,127,55,101,Wi,Racine,169,330,4313
55,127,55,079,Wi,Milwaukee,169,249,4142
55,127,55,105,Wi,Rock,156,296,3648
55,127,55,055,Wi,Jefferson,111,210,2952
55,127,55,025,Wi,Dane,110,157,2203
55,127,17,031,Il,Cook,98,141,1657
55,127,17,111,Il,McHenry,84,157,2428
55,127,55,059,Wi,Kenosha,73,122,2136
55,127,17,097,Il,Lake,36,66,1318
55,127,04,013,Az,Maricopa,24,42,531
55,127,17,201,Il,Winnebago,24,54,667
55,127,17,043,Il,"Du Page",18,26,375
55,127,27,053,Mn,Hennepin,17,26,502
55,127,17,089,Il,Kane,16,30,519
55,127,55,131,Wi,Washington,14,20,501
55,127,12,071,Fl,Lee,14,23,1265
55,127,55,009,Wi,Brown,14,28,446
55,127,55,139,Wi,Winnebago,13,24,273
55,127,55,117,Wi,Sheboygan,13,21,328
55,127,57,001,FR,"Foreign / Overseas",12,21,343
55,127,55,111,Wi,Sauk,11,20,280
55,127,48,113,Tx,Dallas,11,14,388
55,127,55,027,Wi,Dodge,11,17,128
55,127,55,039,Wi,"Fond du Lac",10,24,261
55,127,63,010,XX,"Same State",186,380,4694
55,127,63,011,XX,"Region 1: Northeast",45,81,1875
55,127,63,012,XX,"Region 2: Midwest",162,348,4352
55,127,63,013,XX,"Region 3: South",207,410,8406
55,127,63,014,XX,"Region 4: West",107,185,2886
55,127,63,050,Wi,"County Non-Migrant",27479,62124,994273
55,129,00,001,Wi,Washburn,352,667,6851
55,129,55,005,Wi,Barron,79,151,1492
55,129,55,113,Wi,Sawyer,27,61,603
55,129,55,013,Wi,Burnett,20,38,448
55,129,55,031,Wi,Douglas,18,35,181
55,129,55,035,Wi,"Eau Claire",17,27,300
55,129,27,123,Mn,Ramsey,11,16,298
55,129,63,020,XX,"Same State",83,165,1904
55,129,63,021,XX,"Same Region, Diff. State",53,93,758
55,129,63,022,XX,"Different Region",44,81,867
55,129,63,050,Wi,"County Non-Migrant",5074,11859,138656
55,131,00,001,Wi,Washington,2830,5334,93563
55,131,55,079,Wi,Milwaukee,589,915,16490
55,131,55,133,Wi,Waukesha,465,875,17508
55,131,55,089,Wi,Ozaukee,251,485,9560
55,131,55,027,Wi,Dodge,235,476,6799
55,131,55,039,Wi,"Fond du Lac",175,326,4879
55,131,55,117,Wi,Sheboygan,90,194,2908
55,131,55,025,Wi,Dane,70,105,1603
55,131,55,139,Wi,Winnebago,32,65,1115
55,131,55,009,Wi,Brown,29,57,985
55,131,04,013,Az,Maricopa,27,52,751
55,131,55,055,Wi,Jefferson,24,39,820
55,131,55,087,Wi,Outagamie,23,47,702
55,131,17,031,Il,Cook,21,31,513
55,131,55,135,Wi,Waupaca,17,30,572
55,131,27,053,Mn,Hennepin,17,25,868
55,131,55,097,Wi,Portage,16,28,429
55,131,55,101,Wi,Racine,15,37,559
55,131,55,073,Wi,Marathon,15,33,472
55,131,55,063,Wi,"La Crosse",12,24,335
55,131,55,127,Wi,Walworth,12,30,294
55,131,55,141,Wi,Wood,12,20,363
55,131,55,125,Wi,Vilas,11,24,279
55,131,55,105,Wi,Rock,10,22,442
55,131,55,085,Wi,Oneida,10,24,441
55,131,57,005,FR,"APO / FPO Zip Code",10,18,160
55,131,04,019,Az,Pima,10,14,615
55,131,63,010,XX,"Same State",152,297,4938
55,131,63,011,XX,"Region 1: Northeast",51,107,2805
55,131,63,012,XX,"Region 2: Midwest",170,400,6523
55,131,63,013,XX,"Region 3: South",159,374,6375
55,131,63,014,XX,"Region 4: West",100,160,2460
55,131,63,050,Wi,"County Non-Migrant",38994,92757,1740136
55,133,00,001,Wi,Waukesha,9146,16352,341996
55,133,55,079,Wi,Milwaukee,3471,5123,97714
55,133,55,131,Wi,Washington,600,1184,28361
55,133,55,055,Wi,Jefferson,355,732,11295
55,133,55,025,Wi,Dane,252,375,7002
55,133,55,101,Wi,Racine,223,474,8248
55,133,55,127,Wi,Walworth,217,427,7183
55,133,55,027,Wi,Dodge,188,409,8779
55,133,04,013,Az,Maricopa,136,250,5817
55,133,17,031,Il,Cook,133,191,4760
55,133,55,089,Wi,Ozaukee,133,250,7950
55,133,27,053,Mn,Hennepin,83,133,2695
55,133,55,139,Wi,Winnebago,75,150,2196
55,133,55,009,Wi,Brown,67,137,2696
55,133,55,117,Wi,Sheboygan,61,118,2165
55,133,55,087,Wi,Outagamie,55,108,2525
55,133,17,043,Il,"Du Page",55,115,2907
55,133,17,097,Il,Lake,49,104,2879
55,133,55,059,Wi,Kenosha,42,83,1960
55,133,32,003,Nv,Clark,38,72,2307
55,133,12,103,Fl,Pinellas,37,74,1397
55,133,55,073,Wi,Marathon,36,77,1396
55,133,06,073,Ca,"San Diego",36,45,733
55,133,55,125,Wi,Vilas,34,74,1649
55,133,55,075,Wi,Marinette,34,68,1043
55,133,55,085,Wi,Oneida,31,67,1082
55,133,55,039,Wi,"Fond du Lac",31,55,1224
55,133,55,063,Wi,"La Crosse",30,53,776
55,133,55,141,Wi,Wood,29,64,1300
55,133,55,135,Wi,Waupaca,27,49,731
55,133,57,001,FR,"Foreign / Overseas",27,63,1451
55,133,27,123,Mn,Ramsey,27,32,737
55,133,17,089,Il,Kane,27,69,1395
55,133,55,097,Wi,Portage,27,60,774
55,133,27,037,Mn,Dakota,26,51,1108
55,133,06,037,Ca,"Los Angeles",25,35,810
55,133,55,077,Wi,Marquette,25,49,604
55,133,12,071,Fl,Lee,24,50,2396
55,133,55,111,Wi,Sauk,24,36,542
55,133,04,019,Az,Pima,23,39,738
55,133,55,033,Wi,Dunn,23,39,759
55,133,18,097,In,Marion,22,35,659
55,133,57,005,FR,"APO / FPO Zip Code",22,28,276
55,133,55,035,Wi,"Eau Claire",22,55,762
55,133,55,105,Wi,Rock,22,49,664
55,133,55,137,Wi,Waushara,22,36,715
55,133,17,201,Il,Winnebago,21,37,862
55,133,29,189,Mo,"St. Louis",20,48,1376
55,133,55,071,Wi,Manitowoc,19,49,668
55,133,55,029,Wi,Door,19,32,1018
55,133,55,113,Wi,Sawyer,19,41,843
55,133,12,011,Fl,Broward,19,40,717
55,133,55,021,Wi,Columbia,18,39,866
55,133,26,125,Mi,Oakland,17,47,1412
55,133,37,119,NC,Mecklenburg,16,43,1135
55,133,48,113,Tx,Dallas,16,27,935
55,133,53,033,Wa,King,16,30,625
55,133,55,115,Wi,Shawano,15,25,491
55,133,36,061,NY,"New York",15,17,391
55,133,55,001,Wi,Adams,15,33,561
55,133,12,095,Fl,Orange,15,30,570
55,133,17,111,Il,McHenry,15,38,1069
55,133,12,057,Fl,Hillsborough,15,34,773
55,133,12,099,Fl,"Palm Beach",15,25,1780
55,133,26,163,Mi,Wayne,14,33,673
55,133,39,035,Oh,Cuyahoga,14,38,833
55,133,12,105,Fl,Polk,14,29,631
55,133,20,091,Ks,Johnson,13,45,1470
55,133,19,153,Ia,Polk,13,23,501
55,133,48,085,Tx,Collin,13,31,961
55,133,12,069,Fl,Lake,13,24,739
55,133,55,047,Wi,"Green Lake",13,20,337
55,133,48,201,Tx,Harris,13,22,558
55,133,53,035,Wa,Kitsap,12,23,239
55,133,55,083,Wi,Oconto,12,32,565
55,133,55,067,Wi,Langlade,12,19,404
55,133,08,005,Co,Arapahoe,12,36,757
55,133,06,059,Ca,Orange,12,20,373
55,133,12,015,Fl,Charlotte,12,26,645
55,133,13,067,Ga,Cobb,12,27,609
55,133,49,035,Ut,"Salt Lake",12,21,721
55,133,35,001,NM,Bernalillo,12,22,453
55,133,48,439,Tx,Tarrant,12,31,679
55,133,55,069,Wi,Lincoln,11,21,323
55,133,08,031,Co,Denver,11,11,186
55,133,47,157,Tn,Shelby,11,23,679
55,133,27,163,Mn,Washington,11,31,744
55,133,48,029,Tx,Bexar,11,21,320
55,133,26,161,Mi,Washtenaw,11,18,453
55,133,18,057,In,Hamilton,11,34,962
55,133,27,003,Mn,Anoka,11,21,454
55,133,06,075,Ca,"San Francisco",10,11,193
55,133,08,069,Co,Larimer,10,18,279
55,133,12,021,Fl,Collier,10,19,4137
55,133,08,059,Co,Jefferson,10,19,345
55,133,17,197,Il,Will,10,28,576
55,133,55,057,Wi,Juneau,10,15,209
55,133,55,017,Wi,Chippewa,10,22,343
55,133,31,055,Ne,Douglas,10,25,955
55,133,12,101,Fl,Pasco,10,19,265
55,133,13,121,Ga,Fulton,10,19,554
55,133,26,081,Mi,Kent,10,27,516
55,133,63,010,XX,"Same State",146,275,4483
55,133,63,011,XX,"Region 1: Northeast",157,359,9508
55,133,63,012,XX,"Region 2: Midwest",423,886,19051
55,133,63,013,XX,"Region 3: South",472,1019,23295
55,133,63,014,XX,"Region 4: West",259,467,9766
55,133,63,050,Wi,"County Non-Migrant",121004,288244,6552633
55,135,00,001,Wi,Waupaca,969,1807,24786
55,135,55,087,Wi,Outagamie,224,406,7112
55,135,55,139,Wi,Winnebago,88,140,1876
55,135,55,115,Wi,Shawano,64,143,1379
55,135,55,097,Wi,Portage,63,118,1491
55,135,55,079,Wi,Milwaukee,36,57,802
55,135,55,025,Wi,Dane,33,42,506
55,135,55,137,Wi,Waushara,32,73,709
55,135,55,009,Wi,Brown,26,45,597
55,135,55,131,Wi,Washington,13,17,221
55,135,55,133,Wi,Waukesha,13,19,308
55,135,55,015,Wi,Calumet,11,28,270
55,135,55,141,Wi,Wood,11,17,425
55,135,55,073,Wi,Marathon,11,20,284
55,135,27,053,Mn,Hennepin,10,10,147
55,135,63,010,XX,"Same State",130,266,3560
55,135,63,011,XX,"Region 1: Northeast",11,19,320
55,135,63,012,XX,"Region 2: Midwest",81,165,2414
55,135,63,013,XX,"Region 3: South",66,135,1412
55,135,63,014,XX,"Region 4: West",46,87,953
55,135,63,050,Wi,"County Non-Migrant",17318,40769,563448
55,137,00,001,Wi,Waushara,477,943,10794
55,137,55,139,Wi,Winnebago,74,125,1462
55,137,55,135,Wi,Waupaca,45,85,915
55,137,55,047,Wi,"Green Lake",38,85,788
55,137,55,097,Wi,Portage,29,64,582
55,137,55,077,Wi,Marquette,25,49,631
55,137,55,039,Wi,"Fond du Lac",20,35,355
55,137,55,087,Wi,Outagamie,19,29,290
55,137,55,079,Wi,Milwaukee,17,33,338
55,137,55,025,Wi,Dane,14,19,210
55,137,55,009,Wi,Brown,13,21,230
55,137,48,215,Tx,Hidalgo,12,40,113
55,137,63,020,XX,"Same State",82,165,1739
55,137,63,021,XX,"Same Region, Diff. State",30,65,686
55,137,63,022,XX,"Different Region",59,128,2455
55,137,63,050,Wi,"County Non-Migrant",6912,15850,188887
55,139,00,001,Wi,Winnebago,3811,6642,112415
55,139,55,087,Wi,Outagamie,1159,1980,37196
55,139,55,039,Wi,"Fond du Lac",188,351,4705
55,139,55,015,Wi,Calumet,162,296,5170
55,139,55,079,Wi,Milwaukee,161,214,3652
55,139,55,025,Wi,Dane,135,184,2881
55,139,55,009,Wi,Brown,125,197,3163
55,139,55,135,Wi,Waupaca,116,237,3554
55,139,55,137,Wi,Waushara,82,174,2189
55,139,55,133,Wi,Waukesha,57,101,1370
55,139,55,047,Wi,"Green Lake",56,111,1483
55,139,17,031,Il,Cook,54,80,1431
55,139,55,117,Wi,Sheboygan,43,75,1129
55,139,27,053,Mn,Hennepin,40,47,861
55,139,55,097,Wi,Portage,37,61,936
55,139,55,073,Wi,Marathon,35,74,1180
55,139,55,071,Wi,Manitowoc,34,60,887
55,139,55,027,Wi,Dodge,32,58,701
55,139,04,013,Az,Maricopa,31,54,1016
55,139,55,131,Wi,Washington,30,40,772
55,139,55,115,Wi,Shawano,30,59,633
55,139,57,001,FR,"Foreign / Overseas",17,49,912
55,139,55,141,Wi,Wood,17,27,369
55,139,55,035,Wi,"Eau Claire",17,27,372
55,139,55,055,Wi,Jefferson,16,32,359
55,139,55,059,Wi,Kenosha,16,24,398
55,139,06,073,Ca,"San Diego",16,21,193
55,139,32,003,Nv,Clark,15,31,418
55,139,55,101,Wi,Racine,14,18,253
55,139,55,063,Wi,"La Crosse",14,23,364
55,139,55,127,Wi,Walworth,14,16,268
55,139,17,097,Il,Lake,14,19,274
55,139,27,123,Mn,Ramsey,14,23,286
55,139,55,105,Wi,Rock,14,22,321
55,139,55,067,Wi,Langlade,13,26,707
55,139,55,083,Wi,Oconto,13,22,281
55,139,06,037,Ca,"Los Angeles",11,19,202
55,139,55,085,Wi,Oneida,11,15,245
55,139,55,021,Wi,Columbia,11,17,369
55,139,06,059,Ca,Orange,10,18,349
55,139,55,125,Wi,Vilas,10,21,273
55,139,55,089,Wi,Ozaukee,10,15,218
55,139,17,089,Il,Kane,10,19,402
55,139,57,005,FR,"APO / FPO Zip Code",10,16,204
55,139,63,010,XX,"Same State",121,232,3158
55,139,63,011,XX,"Region 1: Northeast",64,104,1989
55,139,63,012,XX,"Region 2: Midwest",283,576,10002
55,139,63,013,XX,"Region 3: South",269,490,10231
55,139,63,014,XX,"Region 4: West",160,267,4089
55,139,63,050,Wi,"County Non-Migrant",52976,118767,2062624
55,141,00,001,Wi,Wood,1628,2945,41352
55,141,55,073,Wi,Marathon,202,405,4801
55,141,55,097,Wi,Portage,166,297,4029
55,141,55,019,Wi,Clark,107,214,2749
55,141,55,025,Wi,Dane,88,117,1781
55,141,55,001,Wi,Adams,48,85,1241
55,141,55,139,Wi,Winnebago,38,65,970
55,141,55,079,Wi,Milwaukee,37,42,676
55,141,55,063,Wi,"La Crosse",32,43,512
55,141,55,035,Wi,"Eau Claire",29,54,684
55,141,55,021,Wi,Columbia,25,48,546
55,141,55,085,Wi,Oneida,24,44,1144
55,141,27,053,Mn,Hennepin,24,26,344
55,141,55,009,Wi,Brown,23,41,552
55,141,55,087,Wi,Outagamie,22,36,624
55,141,55,111,Wi,Sauk,19,33,464
55,141,27,123,Mn,Ramsey,18,24,366
55,141,55,133,Wi,Waukesha,17,30,531
55,141,55,137,Wi,Waushara,15,43,278
55,141,27,037,Mn,Dakota,14,17,334
55,141,04,013,Az,Maricopa,14,24,213
55,141,55,039,Wi,"Fond du Lac",14,21,278
55,141,55,135,Wi,Waupaca,14,28,345
55,141,55,057,Wi,Juneau,13,19,214
55,141,55,125,Wi,Vilas,12,25,415
55,141,55,069,Wi,Lincoln,12,26,190
55,141,17,031,Il,Cook,12,19,361
55,141,55,081,Wi,Monroe,11,22,271
55,141,19,033,Ia,"Cerro Gordo",10,26,516
55,141,63,010,XX,"Same State",180,344,5420
55,141,63,011,XX,"Region 1: Northeast",32,59,784
55,141,63,012,XX,"Region 2: Midwest",136,268,3506
55,141,63,013,XX,"Region 3: South",131,261,4301
55,141,63,014,XX,"Region 4: West",89,139,1912
55,141,63,050,Wi,"County Non-Migrant",28195,66680,1057079
