"1994-1995 County To County Migration Outflows",,,,,,Arizona,,
"(Aggregate money amounts in thousands of dollars)",,,,,,,,
,,,,,,,,
"Migration From",,"Migration Into",,,,Number,Number,Aggregate
Arizona,,,,,,of,of,Total
State,County,State,County,State,"State totals, county totals,",Returns,Exemptions,Money
"FIPS Code",,,,,"and county by county detail",,,Income
,,,,,,,,
04,001,00,001,Az,Apache,2318,6501,43087
04,001,35,031,NM,McKinley,638,1901,10119
04,001,04,017,Az,Navajo,337,1135,6455
04,001,35,045,NM,"San Juan",286,921,4525
04,001,04,013,Az,Maricopa,280,643,4645
04,001,04,005,Az,Coconino,174,521,3416
04,001,35,001,NM,Bernalillo,60,106,1138
04,001,04,019,Az,Pima,43,65,797
04,001,49,037,Ut,"San Juan",28,84,405
04,001,49,035,Ut,"Salt Lake",24,75,359
04,001,04,025,Az,Yavapai,14,29,325
04,001,32,003,Nv,Clark,14,27,462
04,001,04,021,Az,Pinal,13,28,370
04,001,04,007,Az,Gila,13,37,223
04,001,35,006,NM,Cibola,13,44,220
04,001,08,067,Co,"La Plata",12,27,100
04,001,49,053,Ut,Washington,10,23,186
04,001,63,010,XX,"Same State",28,77,841
04,001,63,011,XX,"Region 1: Northeast",31,51,800
04,001,63,012,XX,"Region 2: Midwest",53,110,1182
04,001,63,013,XX,"Region 3: South",77,176,2376
04,001,63,014,XX,"Region 4: West",170,421,4143
04,001,63,050,Az,"County Non-Migrant",14125,45948,339989
04,003,00,001,Az,Cochise,4160,9409,92159
04,003,04,019,Az,Pima,584,1178,11433
04,003,04,013,Az,Maricopa,324,649,6169
04,003,57,001,FR,"Foreign / Overseas",264,568,6441
04,003,57,005,FR,"APO / FPO Zip Code",207,493,4641
04,003,15,003,Hi,Honolulu,69,160,1656
04,003,37,051,NC,Cumberland,65,152,1679
04,003,48,027,Tx,Bell,55,144,1468
04,003,13,245,Ga,Richmond,52,136,1323
04,003,06,073,Ca,"San Diego",51,109,1143
04,003,08,041,Co,"El Paso",50,103,1281
04,003,32,003,Nv,Clark,42,109,1027
04,003,53,053,Wa,Pierce,42,113,1067
04,003,04,021,Az,Pinal,41,106,671
04,003,04,009,Az,Graham,39,112,686
04,003,51,059,Va,Fairfax,35,81,1497
04,003,06,037,Ca,"Los Angeles",34,70,557
04,003,48,141,Tx,"El Paso",34,91,890
04,003,24,003,Md,"Anne Arundel",34,79,927
04,003,04,005,Az,Coconino,33,65,533
04,003,48,029,Tx,Bexar,26,64,677
04,003,04,025,Az,Yavapai,25,62,661
04,003,47,125,Tn,Montgomery,23,59,623
04,003,04,015,Az,Mohave,23,53,517
04,003,04,017,Az,Navajo,22,44,521
04,003,17,031,Il,Cook,22,40,484
04,003,35,001,NM,Bernalillo,21,36,370
04,003,04,023,Az,"Santa Cruz",20,56,459
04,003,48,201,Tx,Harris,18,35,325
04,003,48,113,Tx,Dallas,17,31,344
04,003,06,071,Ca,"San Bernardino",17,30,235
04,003,04,027,Az,Yuma,16,37,322
04,003,48,099,Tx,Coryell,16,51,360
04,003,06,059,Ca,Orange,16,28,335
04,003,06,053,Ca,Monterey,16,32,412
04,003,06,065,Ca,Riverside,16,34,243
04,003,13,073,Ga,Columbia,15,44,451
04,003,35,017,NM,Grant,15,35,245
04,003,20,103,Ks,Leavenworth,15,49,591
04,003,53,033,Wa,King,14,25,469
04,003,12,057,Fl,Hillsborough,13,23,236
04,003,40,031,Ok,Comanche,13,40,301
04,003,36,045,NY,Jefferson,12,27,277
04,003,51,153,Va,"Prince William",12,38,373
04,003,13,179,Ga,Liberty,12,35,240
04,003,21,093,Ky,Hardin,12,25,343
04,003,35,023,NM,Hidalgo,11,46,171
04,003,21,047,Ky,Christian,11,23,206
04,003,20,061,Ks,Geary,11,33,257
04,003,06,085,Ca,"Santa Clara",11,22,177
04,003,02,020,Ak,"Anchorage Borough",10,25,216
04,003,02,090,Ak,"Fairbanks North Star Bor",10,25,344
04,003,35,013,NM,"Dona Ana",10,21,260
04,003,04,001,Az,Apache,10,28,422
04,003,48,439,Tx,Tarrant,10,27,306
04,003,63,010,XX,"Same State",21,56,312
04,003,63,011,XX,"Region 1: Northeast",149,308,3009
04,003,63,012,XX,"Region 2: Midwest",325,752,6893
04,003,63,013,XX,"Region 3: South",683,1608,15769
04,003,63,014,XX,"Region 4: West",386,884,8314
04,003,63,050,Az,"County Non-Migrant",29217,73017,794046
04,005,00,001,Az,Coconino,4371,8388,94471
04,005,04,013,Az,Maricopa,1017,1827,22046
04,005,04,025,Az,Yavapai,408,787,11426
04,005,04,001,Az,Apache,221,632,3660
04,005,04,017,Az,Navajo,179,446,3575
04,005,04,019,Az,Pima,170,252,3275
04,005,04,015,Az,Mohave,92,198,1988
04,005,32,003,Nv,Clark,91,168,2216
04,005,35,031,NM,McKinley,71,232,1146
04,005,06,073,Ca,"San Diego",61,86,1023
04,005,06,037,Ca,"Los Angeles",43,63,666
04,005,49,035,Ut,"Salt Lake",42,92,755
04,005,04,027,Az,Yuma,39,81,611
04,005,49,053,Ut,Washington,37,84,684
04,005,53,033,Wa,King,35,54,408
04,005,35,045,NM,"San Juan",34,113,689
04,005,04,007,Az,Gila,31,66,921
04,005,35,001,NM,Bernalillo,30,52,910
04,005,04,021,Az,Pinal,28,51,477
04,005,06,065,Ca,Riverside,26,40,424
04,005,04,003,Az,Cochise,25,44,717
04,005,08,013,Co,Boulder,24,32,457
04,005,49,025,Ut,Kane,23,56,459
04,005,06,059,Ca,Orange,22,26,281
04,005,06,071,Ca,"San Bernardino",20,34,517
04,005,08,067,Co,"La Plata",18,27,244
04,005,57,001,FR,"Foreign / Overseas",17,23,387
04,005,08,069,Co,Larimer,17,39,319
04,005,08,031,Co,Denver,17,29,261
04,005,02,020,Ak,"Anchorage Borough",17,23,456
04,005,32,031,Nv,Washoe,16,26,468
04,005,48,113,Tx,Dallas,15,18,227
04,005,08,083,Co,Montezuma,15,37,415
04,005,27,053,Mn,Hennepin,14,20,236
04,005,48,141,Tx,"El Paso",14,27,240
04,005,08,059,Co,Jefferson,13,24,265
04,005,35,049,NM,"Santa Fe",13,18,267
04,005,08,041,Co,"El Paso",13,23,269
04,005,53,053,Wa,Pierce,13,21,275
04,005,48,201,Tx,Harris,12,28,285
04,005,49,037,Ut,"San Juan",12,34,216
04,005,49,049,Ut,Utah,12,19,202
04,005,06,067,Ca,Sacramento,11,14,138
04,005,06,083,Ca,"Santa Barbara",10,16,215
04,005,17,031,Il,Cook,10,10,139
04,005,35,043,NM,Sandoval,10,26,333
04,005,63,010,XX,"Same State",24,41,515
04,005,63,011,XX,"Region 1: Northeast",127,203,2231
04,005,63,012,XX,"Region 2: Midwest",278,502,6166
04,005,63,013,XX,"Region 3: South",362,684,8150
04,005,63,014,XX,"Region 4: West",522,940,12221
04,005,63,050,Az,"County Non-Migrant",30549,74775,973828
04,007,00,001,Az,Gila,1114,2395,26133
04,007,04,013,Az,Maricopa,385,758,7813
04,007,04,021,Az,Pinal,73,180,1871
04,007,04,017,Az,Navajo,65,169,1229
04,007,04,019,Az,Pima,61,125,1141
04,007,04,025,Az,Yavapai,36,90,930
04,007,04,005,Az,Coconino,31,75,679
04,007,04,009,Az,Graham,20,64,436
04,007,06,037,Ca,"Los Angeles",17,34,362
04,007,04,001,Az,Apache,10,34,270
04,007,63,010,XX,"Same State",23,50,624
04,007,63,011,XX,"Region 1: Northeast",16,29,271
04,007,63,012,XX,"Region 2: Midwest",62,135,1395
04,007,63,013,XX,"Region 3: South",99,197,2724
04,007,63,014,XX,"Region 4: West",216,455,6388
04,007,63,050,Az,"County Non-Migrant",13032,32076,354461
04,009,00,001,Az,Graham,511,1199,10079
04,009,04,013,Az,Maricopa,106,220,1869
04,009,04,019,Az,Pima,75,148,1288
04,009,04,011,Az,Greenlee,24,62,564
04,009,04,003,Az,Cochise,24,68,508
04,009,04,007,Az,Gila,22,69,523
04,009,04,025,Az,Yavapai,15,38,239
04,009,04,021,Az,Pinal,13,38,276
04,009,63,010,XX,"Same State",30,77,526
04,009,63,011,XX,"Region 1: Northeast",10,17,144
04,009,63,012,XX,"Region 2: Midwest",31,67,443
04,009,63,013,XX,"Region 3: South",52,128,1257
04,009,63,014,XX,"Region 4: West",109,267,2442
04,009,63,050,Az,"County Non-Migrant",5933,16954,165036
04,011,00,001,Az,Greenlee,243,597,6342
04,011,04,009,Az,Graham,75,197,1981
04,011,04,013,Az,Maricopa,28,66,826
04,011,04,019,Az,Pima,22,42,437
04,011,35,017,NM,Grant,20,52,665
04,011,63,020,XX,"Same State",26,63,613
04,011,63,021,XX,"Same Region, Diff. State",34,86,1106
04,011,63,022,XX,"Different Region",38,91,714
04,011,63,050,Az,"County Non-Migrant",2470,7100,79827
04,012,00,001,Az,"La Paz",514,1083,9768
04,012,04,013,Az,Maricopa,86,188,1780
04,012,04,015,Az,Mohave,52,98,1026
04,012,06,065,Ca,Riverside,35,74,741
04,012,04,027,Az,Yuma,20,53,245
04,012,04,025,Az,Yavapai,19,39,345
04,012,06,071,Ca,"San Bernardino",19,47,285
04,012,32,003,Nv,Clark,16,28,328
04,012,04,019,Az,Pima,15,39,298
04,012,06,037,Ca,"Los Angeles",12,19,129
04,012,63,020,XX,"Same State",29,74,648
04,012,63,021,XX,"Same Region, Diff. State",123,248,2245
04,012,63,022,XX,"Different Region",88,176,1698
04,012,63,050,Az,"County Non-Migrant",3748,9194,84800
04,013,00,001,Az,Maricopa,43050,83868,1218785
04,013,04,019,Az,Pima,1848,3405,46705
04,013,04,021,Az,Pinal,1641,3556,40533
04,013,04,025,Az,Yavapai,1490,3147,44337
04,013,06,037,Ca,"Los Angeles",1226,1984,30156
04,013,04,005,Az,Coconino,1049,1869,23298
04,013,06,073,Ca,"San Diego",1016,1715,26879
04,013,32,003,Nv,Clark,956,1871,28546
04,013,04,017,Az,Navajo,676,1567,18425
04,013,06,059,Ca,Orange,668,1125,23765
04,013,04,007,Az,Gila,650,1404,18618
04,013,53,033,Wa,King,581,973,19155
04,013,17,031,Il,Cook,552,900,14954
04,013,35,001,NM,Bernalillo,422,843,14248
04,013,57,001,FR,"Foreign / Overseas",419,790,17065
04,013,08,005,Co,Arapahoe,401,791,15765
04,013,57,005,FR,"APO / FPO Zip Code",359,670,7208
04,013,06,085,Ca,"Santa Clara",356,587,13049
04,013,04,027,Az,Yuma,351,816,6778
04,013,49,035,Ut,"Salt Lake",342,753,10972
04,013,48,113,Tx,Dallas,340,603,11503
04,013,04,001,Az,Apache,333,779,6443
04,013,06,065,Ca,Riverside,321,620,7499
04,013,04,015,Az,Mohave,309,628,7778
04,013,08,041,Co,"El Paso",288,580,8201
04,013,06,071,Ca,"San Bernardino",282,575,6790
04,013,08,031,Co,Denver,272,447,7319
04,013,27,053,Mn,Hennepin,262,450,10120
04,013,04,003,Az,Cochise,259,552,5359
04,013,48,201,Tx,Harris,248,484,7710
04,013,48,453,Tx,Travis,240,432,10557
04,013,41,067,Or,Washington,236,517,9487
04,013,08,059,Co,Jefferson,226,458,8290
04,013,06,075,Ca,"San Francisco",226,277,5635
04,013,48,141,Tx,"El Paso",220,445,4532
04,013,06,001,Ca,Alameda,219,363,6442
04,013,48,439,Tx,Tarrant,211,424,6354
04,013,41,051,Or,Multnomah,195,326,5597
04,013,48,029,Tx,Bexar,189,394,5551
04,013,49,049,Ut,Utah,180,418,3791
04,013,32,031,Nv,Washoe,168,295,4777
04,013,06,067,Ca,Sacramento,162,299,4392
04,013,17,043,Il,"Du Page",159,292,6305
04,013,15,003,Hi,Honolulu,159,286,3848
04,013,31,055,Ne,Douglas,154,302,5510
04,013,16,001,Id,Ada,153,350,5424
04,013,08,001,Co,Adams,150,301,4166
04,013,08,013,Co,Boulder,149,255,4294
04,013,06,111,Ca,Ventura,138,249,4025
04,013,53,053,Wa,Pierce,135,266,3890
04,013,08,069,Co,Larimer,134,266,4406
04,013,26,163,Mi,Wayne,131,255,3421
04,013,36,061,NY,"New York",131,158,3786
04,013,39,049,Oh,Franklin,129,252,4014
04,013,06,013,Ca,"Contra Costa",124,239,3892
04,013,29,189,Mo,"St. Louis",121,246,7582
04,013,53,063,Wa,Spokane,120,257,3094
04,013,12,011,Fl,Broward,118,223,3892
04,013,04,009,Az,Graham,113,279,2363
04,013,26,125,Mi,Oakland,113,185,3247
04,013,18,097,In,Marion,112,197,2897
04,013,40,109,Ok,Oklahoma,111,236,3458
04,013,53,061,Wa,Snohomish,109,213,2614
04,013,37,191,NC,Wayne,109,320,3833
04,013,06,081,Ca,"San Mateo",108,180,3310
04,013,55,079,Wi,Milwaukee,104,174,2406
04,013,35,013,NM,"Dona Ana",102,219,2183
04,013,39,035,Oh,Cuyahoga,102,174,2848
04,013,25,017,Ma,Middlesex,101,164,3375
04,013,41,005,Or,Clackamas,97,225,4018
04,013,29,095,Mo,Jackson,96,174,4475
04,013,41,039,Or,Lane,96,162,2380
04,013,51,059,Va,Fairfax,93,166,9212
04,013,20,091,Ks,Johnson,93,183,3450
04,013,12,103,Fl,Pinellas,92,164,2920
04,013,53,011,Wa,Clark,92,199,3373
04,013,06,019,Ca,Fresno,91,194,1988
04,013,35,045,NM,"San Juan",90,182,1755
04,013,17,097,Il,Lake,90,186,3989
04,013,35,031,NM,McKinley,89,192,1333
04,013,19,153,Ia,Polk,89,155,2385
04,013,02,020,Ak,"Anchorage Borough",89,181,2479
04,013,40,143,Ok,Tulsa,88,174,2400
04,013,12,095,Fl,Orange,86,145,2675
04,013,06,029,Ca,Kern,84,167,1917
04,013,06,083,Ca,"Santa Barbara",84,154,2752
04,013,48,085,Tx,Collin,84,221,4455
04,013,27,037,Mn,Dakota,83,167,2367
04,013,35,049,NM,"Santa Fe",83,155,2944
04,013,27,123,Mn,Ramsey,82,136,1824
04,013,13,067,Ga,Cobb,82,146,2682
04,013,47,157,Tn,Shelby,80,165,2875
04,013,12,025,Fl,Dade,80,145,2552
04,013,49,011,Ut,Davis,80,214,3095
04,013,12,099,Fl,"Palm Beach",80,144,3837
04,013,08,035,Co,Douglas,80,220,5365
04,013,12,057,Fl,Hillsborough,79,147,2481
04,013,06,053,Ca,Monterey,77,115,2214
04,013,08,077,Co,Mesa,75,157,1706
04,013,37,081,NC,Guilford,73,153,2675
04,013,26,099,Mi,Macomb,71,127,1847
04,013,47,037,Tn,Davidson,68,108,2039
04,013,36,029,NY,Erie,67,97,1431
04,013,36,103,NY,Suffolk,66,109,1582
04,013,17,089,Il,Kane,66,152,2923
04,013,06,061,Ca,Placer,66,125,2432
04,013,24,031,Md,Montgomery,66,106,1939
04,013,37,051,NC,Cumberland,65,119,1174
04,013,04,012,Az,"La Paz",65,133,1183
04,013,41,047,Or,Marion,64,139,1262
04,013,48,121,Tx,Denton,63,150,2643
04,013,37,119,NC,Mecklenburg,63,125,6573
04,013,05,119,Ar,Pulaski,63,160,3222
04,013,55,025,Wi,Dane,63,103,1737
04,013,29,077,Mo,Greene,62,130,1284
04,013,39,113,Oh,Montgomery,62,134,1700
04,013,39,061,Oh,Hamilton,61,107,2945
04,013,49,057,Ut,Weber,61,138,1778
04,013,20,173,Ks,Sedgwick,60,112,1809
04,013,42,003,Pa,Allegheny,60,105,1636
04,013,11,001,DC,"Wash.,D.C.",59,75,1241
04,013,06,077,Ca,"San Joaquin",59,125,1040
04,013,48,027,Tx,Bell,59,98,1110
04,013,37,183,NC,Wake,59,125,3405
04,013,35,029,NM,Luna,58,155,555
04,013,26,081,Mi,Kent,58,110,1442
04,013,06,025,Ca,Imperial,57,158,970
04,013,06,097,Ca,Sonoma,57,87,1481
04,013,12,031,Fl,Duval,57,109,1404
04,013,13,121,Ga,Fulton,57,102,4469
04,013,53,035,Wa,Kitsap,56,91,1244
04,013,19,113,Ia,Linn,56,109,1816
04,013,09,009,Ct,"New Haven",56,91,1221
04,013,08,123,Co,Weld,55,119,1136
04,013,08,067,Co,"La Plata",55,107,1684
04,013,35,043,NM,Sandoval,55,123,2316
04,013,04,023,Az,"Santa Cruz",54,179,1169
04,013,31,109,Ne,Lancaster,54,114,1710
04,013,42,101,Pa,Philadelphia,54,80,1049
04,013,09,001,Ct,Fairfield,52,90,2737
04,013,39,153,Oh,Summit,52,106,2082
04,013,30,111,Mt,Yellowstone,51,92,1167
04,013,06,095,Ca,Solano,51,100,1284
04,013,06,079,Ca,"San Luis Obispo",51,97,1422
04,013,06,099,Ca,Stanislaus,51,105,1065
04,013,26,161,Mi,Washtenaw,50,80,1895
04,013,48,485,Tx,Wichita,50,123,970
04,013,25,025,Ma,Suffolk,49,63,1294
04,013,49,053,Ut,Washington,49,123,1421
04,013,06,087,Ca,"Santa Cruz",48,83,1239
04,013,48,303,Tx,Lubbock,47,112,1216
04,013,21,111,Ky,Jefferson,47,89,1368
04,013,41,029,Or,Jackson,46,82,860
04,013,55,133,Wi,Waukesha,46,81,1165
04,013,51,087,Va,Henrico,46,98,2457
04,013,08,101,Co,Pueblo,45,92,908
04,013,27,003,Mn,Anoka,45,86,867
04,013,13,135,Ga,Gwinnett,45,117,2569
04,013,06,107,Ca,Tulare,44,93,735
04,013,53,067,Wa,Thurston,44,62,829
04,013,46,103,SD,Pennington,44,91,994
04,013,36,059,NY,Nassau,44,60,1109
04,013,26,065,Mi,Ingham,44,80,971
04,013,34,027,NJ,Morris,44,76,1755
04,013,15,009,Hi,Maui,43,70,1174
04,013,36,055,NY,Monroe,43,68,1482
04,013,51,013,Va,Arlington,42,63,1236
04,013,34,023,NJ,Middlesex,42,59,780
04,013,26,049,Mi,Genesee,42,88,1025
04,013,09,003,Ct,Hartford,42,74,1719
04,013,05,007,Ar,Benton,41,79,1344
04,013,51,810,Va,"Virginia Beach city",40,73,990
04,013,05,143,Ar,Washington,40,98,836
04,013,18,141,In,"St. Joseph",39,78,1522
04,013,48,339,Tx,Montgomery,39,88,1588
04,013,48,355,Tx,Nueces,39,76,768
04,013,16,039,Id,Elmore,39,120,1023
04,013,24,003,Md,"Anne Arundel",39,72,1220
04,013,08,083,Co,Montezuma,38,80,810
04,013,25,027,Ma,Worcester,38,52,890
04,013,35,017,NM,Grant,38,77,575
04,013,12,071,Fl,Lee,38,68,818
04,013,42,077,Pa,Lehigh,38,78,1411
04,013,17,201,Il,Winnebago,38,71,795
04,013,39,151,Oh,Stark,37,72,916
04,013,13,089,Ga,"De Kalb",37,58,1224
04,013,29,183,Mo,"St. Charles",37,100,1535
04,013,17,197,Il,Will,36,61,833
04,013,36,081,NY,Queens,36,50,588
04,013,48,491,Tx,Williamson,36,75,1599
04,013,08,085,Co,Montrose,35,82,755
04,013,41,017,Or,Deschutes,35,64,734
04,013,25,009,Ma,Essex,35,48,803
04,013,17,111,Il,McHenry,35,76,968
04,013,06,017,Ca,"El Dorado",35,59,1239
04,013,04,011,Az,Greenlee,35,84,870
04,013,53,073,Wa,Whatcom,35,84,1313
04,013,30,029,Mt,Flathead,34,61,578
04,013,38,017,ND,Cass,34,62,1027
04,013,15,001,Hi,Hawaii,33,63,945
04,013,30,031,Mt,Gallatin,33,59,640
04,013,34,003,NJ,Bergen,33,47,1472
04,013,36,047,NY,Kings,33,50,644
04,013,12,005,Fl,Bay,33,68,835
04,013,16,055,Id,Kootenai,32,63,625
04,013,36,119,NY,Westchester,32,45,729
04,013,25,021,Ma,Norfolk,32,56,1278
04,013,33,011,NH,Hillsborough,32,58,848
04,013,51,760,Va,"Richmond city",32,66,1540
04,013,46,099,SD,Minnehaha,32,69,1159
04,013,56,021,Wy,Laramie,31,60,766
04,013,51,510,Va,"Alexandria city",31,46,1111
04,013,02,090,Ak,"Fairbanks North Star Bor",31,58,702
04,013,01,073,Al,Jefferson,31,53,798
04,013,12,009,Fl,Brevard,31,62,583
04,013,53,005,Wa,Benton,30,69,1443
04,013,45,019,SC,Charleston,30,61,767
04,013,16,027,Id,Canyon,30,73,679
04,013,55,009,Wi,Brown,30,48,901
04,013,53,077,Wa,Yakima,30,58,672
04,013,55,101,Wi,Racine,30,61,558
04,013,06,089,Ca,Shasta,29,58,1361
04,013,12,117,Fl,Seminole,29,60,1176
04,013,27,109,Mn,Olmsted,29,45,1009
04,013,30,063,Mt,Missoula,29,48,686
04,013,24,510,Md,"Baltimore city",28,39,705
04,013,56,039,Wy,Teton,28,36,629
04,013,18,089,In,Lake,28,64,560
04,013,29,047,Mo,Clay,28,63,947
04,013,34,005,NJ,Burlington,28,54,884
04,013,06,041,Ca,Marin,28,41,1188
04,013,21,067,Ky,Fayette,28,53,813
04,013,36,067,NY,Onondaga,27,43,541
04,013,12,083,Fl,Marion,27,41,474
04,013,48,375,Tx,Potter,27,58,566
04,013,35,035,NM,Otero,27,47,448
04,013,28,047,Ms,Harrison,27,63,537
04,013,12,091,Fl,Okaloosa,27,56,597
04,013,29,510,Mo,"St. Louis city",27,36,446
04,013,35,061,NM,Valencia,27,63,667
04,013,19,163,Ia,Scott,26,52,474
04,013,10,003,De,"New Castle",26,55,1419
04,013,36,071,NY,Orange,26,47,524
04,013,24,027,Md,Howard,26,49,959
04,013,12,021,Fl,Collier,26,44,939
04,013,24,033,Md,"Prince George's",26,40,597
04,013,41,019,Or,Douglas,26,61,561
04,013,20,177,Ks,Shawnee,26,48,720
04,013,47,125,Tn,Montgomery,26,58,521
04,013,17,143,Il,Peoria,26,45,419
04,013,12,115,Fl,Sarasota,26,48,749
04,013,26,021,Mi,Berrien,26,43,431
04,013,34,029,NJ,Ocean,26,43,551
04,013,29,019,Mo,Boone,25,41,649
04,013,34,035,NJ,Somerset,25,40,949
04,013,41,043,Or,Linn,25,49,614
04,013,12,127,Fl,Volusia,25,42,495
04,013,34,025,NJ,Monmouth,25,44,887
04,013,49,005,Ut,Cache,25,57,563
04,013,17,161,Il,"Rock Island",25,44,446
04,013,12,105,Fl,Polk,25,55,846
04,013,39,095,Oh,Lucas,25,43,354
04,013,37,067,NC,Forsyth,24,43,789
04,013,51,710,Va,"Norfolk city",24,51,523
04,013,13,051,Ga,Chatham,24,46,660
04,013,06,007,Ca,Butte,24,42,431
04,013,08,045,Co,Garfield,24,40,481
04,013,48,423,Tx,Smith,24,52,585
04,013,19,193,Ia,Woodbury,24,35,560
04,013,37,133,NC,Onslow,24,39,292
04,013,53,029,Wa,Island,24,35,477
04,013,12,081,Fl,Manatee,24,39,586
04,013,35,005,NM,Chaves,24,59,351
04,013,24,005,Md,Baltimore,24,46,602
04,013,30,049,Mt,"Lewis and Clark",24,51,770
04,013,56,025,Wy,Natrona,24,46,543
04,013,40,027,Ok,Cleveland,23,46,577
04,013,47,093,Tn,Knox,23,45,1013
04,013,55,139,Wi,Winnebago,23,45,530
04,013,32,007,Nv,Elko,23,57,734
04,013,39,093,Oh,Lorain,23,52,435
04,013,12,033,Fl,Escambia,23,43,518
04,013,12,101,Fl,Pasco,23,39,460
04,013,18,105,In,Monroe,23,40,550
04,013,22,051,La,Jefferson,23,42,756
04,013,06,055,Ca,Napa,23,38,613
04,013,06,023,Ca,Humboldt,23,43,569
04,013,12,069,Fl,Lake,22,44,616
04,013,41,033,Or,Josephine,22,62,477
04,013,39,017,Oh,Butler,22,51,817
04,013,32,023,Nv,Nye,22,50,598
04,013,12,001,Fl,Alachua,22,31,811
04,013,51,153,Va,"Prince William",22,37,757
04,013,27,035,Mn,"Crow Wing",22,47,671
04,013,06,047,Ca,Merced,21,56,338
04,013,42,045,Pa,Delaware,21,33,800
04,013,55,087,Wi,Outagamie,21,41,604
04,013,39,155,Oh,Trumbull,21,37,260
04,013,16,083,Id,"Twin Falls",21,56,539
04,013,26,145,Mi,Saginaw,21,28,302
04,013,27,163,Mn,Washington,21,37,623
04,013,42,091,Pa,Montgomery,21,39,945
04,013,01,097,Al,Mobile,21,37,512
04,013,45,045,SC,Greenville,21,28,840
04,013,42,071,Pa,Lancaster,21,33,538
04,013,48,135,Tx,Ector,21,45,368
04,013,32,510,Nv,"Carson City city",21,32,368
04,013,32,005,Nv,Douglas,21,45,506
04,013,42,017,Pa,Bucks,21,47,855
04,013,26,077,Mi,Kalamazoo,21,33,490
04,013,08,113,Co,"San Miguel",20,27,434
04,013,53,057,Wa,Skagit,20,35,603
04,013,42,029,Pa,Chester,20,43,975
04,013,08,043,Co,Fremont,20,43,394
04,013,17,163,Il,"St. Clair",20,53,522
04,013,17,019,Il,Champaign,20,37,365
04,013,34,017,NJ,Hudson,20,26,404
04,013,01,101,Al,Montgomery,20,54,781
04,013,35,015,NM,Eddy,20,37,412
04,013,48,373,Tx,Polk,20,38,561
04,013,36,007,NY,Broome,20,29,348
04,013,42,133,Pa,York,20,41,666
04,013,51,650,Va,"Hampton city",19,42,338
04,013,13,245,Ga,Richmond,19,41,360
04,013,41,041,Or,Lincoln,19,35,401
04,013,40,031,Ok,Comanche,19,41,262
04,013,33,015,NH,Rockingham,19,34,440
04,013,05,125,Ar,Saline,19,59,1245
04,013,17,167,Il,Sangamon,19,33,485
04,013,47,065,Tn,Hamilton,19,39,980
04,013,19,061,Ia,Dubuque,19,35,750
04,013,48,329,Tx,Midland,19,37,292
04,013,29,213,Mo,Taney,19,54,496
04,013,31,153,Ne,Sarpy,19,41,764
04,013,34,013,NJ,Essex,19,35,506
04,013,39,057,Oh,Greene,19,50,535
04,013,09,011,Ct,"New London",19,32,579
04,013,55,059,Wi,Kenosha,19,41,413
04,013,35,006,NM,Cibola,19,40,278
04,013,18,039,In,Elkhart,18,36,400
04,013,56,005,Wy,Campbell,18,33,221
04,013,51,041,Va,Chesterfield,18,46,841
04,013,18,057,In,Hamilton,18,36,1323
04,013,50,007,Vt,Chittenden,18,46,605
04,013,19,169,Ia,Story,18,31,554
04,013,44,007,RI,Providence,18,32,273
04,013,27,137,Mn,"St. Louis",18,35,477
04,013,22,071,La,Orleans,18,26,579
04,013,19,013,Ia,"Black Hawk",18,32,424
04,013,48,167,Tx,Galveston,18,36,553
04,013,02,122,Ak,"Kenai Peninsula Borough",18,36,358
04,013,23,031,Me,York,18,26,304
04,013,41,035,Or,Klamath,18,47,441
04,013,06,113,Ca,Yolo,18,30,303
04,013,23,005,Me,Cumberland,18,34,929
04,013,39,085,Oh,Lake,18,26,445
04,013,41,059,Or,Umatilla,17,43,279
04,013,05,131,Ar,Sebastian,17,31,514
04,013,12,073,Fl,Leon,17,24,534
04,013,08,029,Co,Delta,17,45,341
04,013,18,127,In,Porter,17,35,261
04,013,26,147,Mi,"St. Clair",17,34,479
04,013,51,700,Va,"Newport News city",17,35,423
04,013,21,047,Ky,Christian,17,26,216
04,013,16,019,Id,Bonneville,17,37,319
04,013,26,139,Mi,Ottawa,17,30,402
04,013,20,209,Ks,Wyandotte,17,42,386
04,013,35,028,NM,"Los Alamos",17,43,638
04,013,38,015,ND,Burleigh,17,35,493
04,013,30,013,Mt,Cascade,17,26,378
04,013,39,099,Oh,Mahoning,17,28,441
04,013,39,023,Oh,Clark,16,26,389
04,013,26,093,Mi,Livingston,16,27,456
04,013,48,215,Tx,Hidalgo,16,32,262
04,013,18,003,In,Allen,16,43,486
04,013,38,101,ND,Ward,16,45,388
04,013,39,165,Oh,Warren,16,34,583
04,013,13,179,Ga,Liberty,16,29,228
04,013,42,085,Pa,Mercer,16,26,276
04,013,51,199,Va,York,16,54,556
04,013,41,009,Or,Columbia,16,34,412
04,013,35,009,NM,Curry,16,42,470
04,013,48,309,Tx,McLennan,16,32,372
04,013,39,103,Oh,Medina,16,25,321
04,013,22,033,La,"East Baton Rouge",16,31,647
04,013,05,051,Ar,Garland,16,28,462
04,013,16,005,Id,Bannock,16,37,381
04,013,45,079,SC,Richland,16,36,572
04,013,17,119,Il,Madison,16,29,481
04,013,25,023,Ma,Plymouth,16,37,736
04,013,06,031,Ca,Kings,16,40,294
04,013,40,065,Ok,Jackson,16,39,345
04,013,37,063,NC,Durham,16,22,457
04,013,19,155,Ia,Pottawattamie,16,37,423
04,013,22,017,La,Caddo,16,33,293
04,013,24,025,Md,Harford,16,39,374
04,013,42,049,Pa,Erie,16,37,374
04,013,27,019,Mn,Carver,15,29,595
04,013,48,441,Tx,Taylor,15,30,245
04,013,41,011,Or,Coos,15,36,541
04,013,47,149,Tn,Rutherford,15,37,614
04,013,48,451,Tx,"Tom Green",15,34,307
04,013,29,099,Mo,Jefferson,15,27,397
04,013,27,131,Mn,Rice,15,35,596
04,013,30,081,Mt,Ravalli,15,21,327
04,013,26,115,Mi,Monroe,15,24,316
04,013,17,057,Il,Fulton,15,24,283
04,013,44,003,RI,Kent,15,31,265
04,013,49,043,Ut,Summit,15,23,385
04,013,42,011,Pa,Berks,15,26,336
04,013,48,039,Tx,Brazoria,15,34,335
04,013,18,091,In,"La Porte",15,28,195
04,013,36,065,NY,Oneida,15,25,289
04,013,55,097,Wi,Portage,15,39,620
04,013,17,115,Il,Macon,15,36,252
04,013,48,041,Tx,Brazos,15,29,749
04,013,12,019,Fl,Clay,15,21,407
04,013,55,035,Wi,"Eau Claire",15,24,224
04,013,05,005,Ar,Baxter,15,23,480
04,013,01,003,Al,Baldwin,15,30,544
04,013,48,091,Tx,Comal,14,33,407
04,013,55,117,Wi,Sheboygan,14,23,277
04,013,48,099,Tx,Coryell,14,37,470
04,013,36,045,NY,Jefferson,14,20,174
04,013,36,085,NY,Richmond,14,23,167
04,013,12,053,Fl,Hernando,14,25,222
04,013,56,001,Wy,Albany,14,25,298
04,013,53,071,Wa,"Walla Walla",14,21,369
04,013,36,087,NY,Rockland,14,23,605
04,013,25,005,Ma,Bristol,14,19,205
04,013,17,099,Il,"La Salle",14,21,284
04,013,48,465,Tx,"Val Verde",14,26,300
04,013,12,111,Fl,"St. Lucie",14,30,564
04,013,34,031,NJ,Passaic,14,28,341
04,013,55,105,Wi,Rock,14,32,236
04,013,48,157,Tx,"Fort Bend",14,26,509
04,013,51,179,Va,Stafford,14,33,461
04,013,39,089,Oh,Licking,14,21,332
04,013,34,007,NJ,Camden,14,22,248
04,013,46,093,SD,Meade,14,33,378
04,013,39,173,Oh,Wood,14,30,477
04,013,39,025,Oh,Clermont,14,30,506
04,013,17,091,Il,Kankakee,14,27,442
04,013,42,007,Pa,Beaver,14,25,311
04,013,51,107,Va,Loudoun,14,31,495
04,013,01,089,Al,Madison,14,21,441
04,013,17,177,Il,Stephenson,14,26,332
04,013,39,045,Oh,Fairfield,14,28,477
04,013,17,037,Il,"De Kalb",13,23,159
04,013,48,061,Tx,Cameron,13,22,448
04,013,29,097,Mo,Jasper,13,26,180
04,013,12,085,Fl,Martin,13,24,520
04,013,53,009,Wa,Clallam,13,21,436
04,013,25,001,Ma,Barnstable,13,26,320
04,013,12,087,Fl,Monroe,13,15,270
04,013,10,001,De,Kent,13,29,510
04,013,18,095,In,Madison,13,19,287
04,013,41,071,Or,Yamhill,13,29,432
04,013,16,017,Id,Bonner,13,28,266
04,013,47,165,Tn,Sumner,13,24,175
04,013,36,013,NY,Chautauqua,13,25,363
04,013,25,015,Ma,Hampshire,13,19,235
04,013,20,061,Ks,Geary,13,23,181
04,013,16,045,Id,Gem,13,27,183
04,013,08,037,Co,Eagle,13,23,228
04,013,17,179,Il,Tazewell,13,18,333
04,013,39,133,Oh,Portage,13,29,286
04,013,25,013,Ma,Hampden,13,17,325
04,013,56,029,Wy,Park,13,28,387
04,013,36,005,NY,Bronx,13,25,329
04,013,41,007,Or,Clatsop,13,30,563
04,013,42,079,Pa,Luzerne,13,19,369
04,013,48,381,Tx,Randall,13,22,222
04,013,05,045,Ar,Faulkner,13,20,398
04,013,17,113,Il,McLean,13,25,388
04,013,26,075,Mi,Jackson,13,22,117
04,013,36,063,NY,Niagara,12,28,185
04,013,40,047,Ok,Garfield,12,33,354
04,013,22,019,La,Calcasieu,12,20,246
04,013,41,003,Or,Benton,12,32,389
04,013,18,177,In,Wayne,12,21,234
04,013,36,109,NY,Tompkins,12,19,177
04,013,38,035,ND,"Grand Forks",12,25,270
04,013,48,187,Tx,Guadalupe,12,34,408
04,013,39,139,Oh,Richland,12,23,227
04,013,48,245,Tx,Jefferson,12,14,162
04,013,16,011,Id,Bingham,12,31,264
04,013,19,187,Ia,Webster,12,23,303
04,013,40,147,Ok,Washington,12,23,270
04,013,55,089,Wi,Ozaukee,12,22,371
04,013,33,013,NH,Merrimack,12,25,238
04,013,26,045,Mi,Eaton,12,21,283
04,013,20,161,Ks,Riley,12,25,274
04,013,48,181,Tx,Grayson,12,29,222
04,013,06,039,Ca,Madera,12,25,230
04,013,45,085,SC,Sumter,12,29,366
04,013,19,103,Ia,Johnson,12,18,438
04,013,55,063,Wi,"La Crosse",12,23,449
04,013,56,013,Wy,Fremont,12,20,284
04,013,12,015,Fl,Charlotte,12,17,141
04,013,48,367,Tx,Parker,12,25,307
04,013,35,025,NM,Lea,12,36,177
04,013,17,077,Il,Jackson,12,16,191
04,013,26,111,Mi,Midland,12,26,347
04,013,47,187,Tn,Williamson,12,32,1015
04,013,18,005,In,Bartholomew,12,19,190
04,013,12,113,Fl,"Santa Rosa",12,26,338
04,013,02,170,Ak,"Matanuska-Susitna Boroug",11,21,211
04,013,26,055,Mi,"Grand Traverse",11,22,238
04,013,25,003,Ma,Berkshire,11,17,148
04,013,10,005,De,Sussex,11,23,307
04,013,21,093,Ky,Hardin,11,29,263
04,013,18,163,In,Vanderburgh,11,19,91
04,013,06,101,Ca,Sutter,11,20,323
04,013,55,071,Wi,Manitowoc,11,19,190
04,013,18,035,In,Delaware,11,23,391
04,013,34,039,NJ,Union,11,16,236
04,013,08,039,Co,Elbert,11,22,315
04,013,13,215,Ga,Muscogee,11,26,242
04,013,16,013,Id,Blaine,11,18,330
04,013,45,063,SC,Lexington,11,25,192
04,013,45,051,SC,Horry,11,16,420
04,013,20,045,Ks,Douglas,11,15,272
04,013,56,041,Wy,Uinta,11,15,190
04,013,26,025,Mi,Calhoun,11,19,248
04,013,39,007,Oh,Ashtabula,11,24,185
04,013,08,051,Co,Gunnison,11,15,145
04,013,37,025,NC,Cabarrus,11,32,612
04,013,37,135,NC,Orange,11,26,483
04,013,32,033,Nv,"White Pine",11,32,290
04,013,18,063,In,Hendricks,11,19,267
04,013,33,009,NH,Grafton,11,20,310
04,013,40,079,Ok,"Le Flore",11,27,391
04,013,29,165,Mo,Platte,11,21,287
04,013,42,041,Pa,Cumberland,11,20,435
04,013,51,121,Va,Montgomery,11,16,261
04,013,33,017,NH,Strafford,11,15,218
04,013,48,183,Tx,Gregg,10,23,234
04,013,13,117,Ga,Forsyth,10,30,695
04,013,56,007,Wy,Carbon,10,16,197
04,013,53,055,Wa,"San Juan",10,17,748
04,013,55,131,Wi,Washington,10,19,250
04,013,26,103,Mi,Marquette,10,22,165
04,013,51,161,Va,Roanoke,10,20,439
04,013,55,033,Wi,Dunn,10,20,190
04,013,48,139,Tx,Ellis,10,23,266
04,013,06,045,Ca,Mendocino,10,25,168
04,013,22,079,La,Rapides,10,25,229
04,013,31,079,Ne,Hall,10,14,204
04,013,35,055,NM,Taos,10,19,248
04,013,29,021,Mo,Buchanan,10,13,156
04,013,42,129,Pa,Westmoreland,10,19,284
04,013,18,157,In,Tippecanoe,10,21,387
04,013,24,015,Md,Cecil,10,23,438
04,013,13,073,Ga,Columbia,10,18,442
04,013,42,039,Pa,Crawford,10,21,244
04,013,27,169,Mn,Winona,10,22,389
04,013,22,115,La,Vernon,10,29,92
04,013,29,051,Mo,Cole,10,17,259
04,013,17,183,Il,Vermilion,10,17,348
04,013,06,057,Ca,Nevada,10,16,175
04,013,41,045,Or,Malheur,10,27,193
04,013,27,141,Mn,Sherburne,10,21,310
04,013,08,007,Co,Archuleta,10,19,287
04,013,20,103,Ks,Leavenworth,10,27,375
04,013,42,043,Pa,Dauphin,10,20,393
04,013,41,053,Or,Polk,10,27,255
04,013,08,117,Co,Summit,10,14,233
04,013,01,045,Al,Dale,10,24,215
04,013,20,169,Ks,Saline,10,21,259
04,013,26,059,Mi,Hillsdale,10,17,121
04,013,45,013,SC,Beaufort,10,19,331
04,013,06,009,Ca,Calaveras,10,15,199
04,013,55,127,Wi,Walworth,10,23,209
04,013,42,089,Pa,Monroe,10,13,188
04,013,40,037,Ok,Creek,10,20,192
04,013,29,043,Mo,Christian,10,24,246
04,013,55,021,Wi,Columbia,10,14,292
04,013,06,115,Ca,Yuba,10,22,145
04,013,22,103,La,"St. Tammany",10,24,310
04,013,63,011,XX,"Region 1: Northeast",536,1009,12377
04,013,63,012,XX,"Region 2: Midwest",1960,3953,45514
04,013,63,013,XX,"Region 3: South",1828,3998,47168
04,013,63,014,XX,"Region 4: West",784,1610,18741
04,013,63,050,Az,"County Non-Migrant",776858,1726681,29297982
04,015,00,001,Az,Mohave,3720,7318,72781
04,015,32,003,Nv,Clark,589,1066,13409
04,015,04,013,Az,Maricopa,335,629,7357
04,015,06,037,Ca,"Los Angeles",171,299,2733
04,015,06,071,Ca,"San Bernardino",151,313,2473
04,015,04,025,Az,Yavapai,110,249,2267
04,015,06,065,Ca,Riverside,101,207,1785
04,015,06,059,Ca,Orange,89,154,1408
04,015,04,019,Az,Pima,85,153,1645
04,015,06,073,Ca,"San Diego",75,130,1193
04,015,04,005,Az,Coconino,73,118,1246
04,015,04,027,Az,Yuma,45,122,880
04,015,32,031,Nv,Washoe,40,68,651
04,015,04,012,Az,"La Paz",35,69,792
04,015,49,053,Ut,Washington,29,73,635
04,015,04,021,Az,Pinal,26,67,593
04,015,04,017,Az,Navajo,25,65,574
04,015,35,001,NM,Bernalillo,20,39,421
04,015,06,029,Ca,Kern,20,39,373
04,015,06,025,Ca,Imperial,20,63,243
04,015,06,085,Ca,"Santa Clara",19,36,391
04,015,06,067,Ca,Sacramento,19,34,384
04,015,49,035,Ut,"Salt Lake",18,40,413
04,015,08,041,Co,"El Paso",17,35,277
04,015,08,005,Co,Arapahoe,17,37,253
04,015,08,059,Co,Jefferson,17,24,307
04,015,53,033,Wa,King,15,23,278
04,015,41,039,Or,Lane,14,30,210
04,015,04,003,Az,Cochise,13,27,209
04,015,06,079,Ca,"San Luis Obispo",12,22,149
04,015,26,163,Mi,Wayne,12,21,201
04,015,48,113,Tx,Dallas,12,20,467
04,015,53,063,Wa,Spokane,12,23,275
04,015,06,083,Ca,"Santa Barbara",12,20,314
04,015,32,023,Nv,Nye,11,22,278
04,015,53,061,Wa,Snohomish,10,26,166
04,015,06,111,Ca,Ventura,10,21,394
04,015,53,011,Wa,Clark,10,20,126
04,015,08,069,Co,Larimer,10,20,154
04,015,04,001,Az,Apache,10,19,152
04,015,08,083,Co,Montezuma,10,25,145
04,015,47,157,Tn,Shelby,10,13,176
04,015,41,051,Or,Multnomah,10,25,216
04,015,63,010,XX,"Same State",17,41,417
04,015,63,011,XX,"Region 1: Northeast",69,130,1227
04,015,63,012,XX,"Region 2: Midwest",370,712,7185
04,015,63,013,XX,"Region 3: South",385,831,7653
04,015,63,014,XX,"Region 4: West",540,1098,9686
04,015,63,050,Az,"County Non-Migrant",35796,78295,926243
04,017,00,001,Az,Navajo,2135,5152,41294
04,017,04,013,Az,Maricopa,489,976,8756
04,017,04,001,Az,Apache,305,968,5186
04,017,04,005,Az,Coconino,243,602,4277
04,017,04,019,Az,Pima,105,221,2574
04,017,35,031,NM,McKinley,100,323,1805
04,017,04,007,Az,Gila,63,211,1303
04,017,35,045,NM,"San Juan",55,201,865
04,017,04,025,Az,Yavapai,44,94,1123
04,017,04,021,Az,Pinal,39,79,690
04,017,35,001,NM,Bernalillo,24,39,383
04,017,49,049,Ut,Utah,23,46,421
04,017,32,003,Nv,Clark,22,43,550
04,017,04,009,Az,Graham,16,37,248
04,017,49,035,Ut,"Salt Lake",15,32,187
04,017,06,037,Ca,"Los Angeles",13,29,235
04,017,06,073,Ca,"San Diego",12,25,352
04,017,04,015,Az,Mohave,11,25,236
04,017,57,005,FR,"APO / FPO Zip Code",10,16,106
04,017,63,010,XX,"Same State",22,55,583
04,017,63,011,XX,"Region 1: Northeast",36,59,794
04,017,63,012,XX,"Region 2: Midwest",91,189,1941
04,017,63,013,XX,"Region 3: South",134,280,3165
04,017,63,014,XX,"Region 4: West",263,602,5514
04,017,63,050,Az,"County Non-Migrant",18030,52772,482211
04,019,00,001,Az,Pima,15163,28873,383399
04,019,04,013,Az,Maricopa,2444,4415,64949
04,019,04,003,Az,Cochise,479,1005,9047
04,019,06,073,Ca,"San Diego",357,610,8468
04,019,06,037,Ca,"Los Angeles",348,526,8302
04,019,04,021,Az,Pinal,339,766,7869
04,019,32,003,Nv,Clark,296,531,6433
04,019,04,005,Az,Coconino,242,380,4818
04,019,57,001,FR,"Foreign / Overseas",231,476,5683
04,019,04,023,Az,"Santa Cruz",211,513,6012
04,019,57,005,FR,"APO / FPO Zip Code",189,428,4191
04,019,04,025,Az,Yavapai,170,324,3907
04,019,04,017,Az,Navajo,170,359,4882
04,019,53,033,Wa,King,169,255,3760
04,019,06,059,Ca,Orange,167,271,4705
04,019,35,001,NM,Bernalillo,144,262,3861
04,019,17,031,Il,Cook,136,205,3599
04,019,06,085,Ca,"Santa Clara",129,216,3591
04,019,04,027,Az,Yuma,112,263,2277
04,019,48,113,Tx,Dallas,100,178,2360
04,019,06,065,Ca,Riverside,100,181,2266
04,019,08,041,Co,"El Paso",95,194,2339
04,019,08,005,Co,Arapahoe,94,194,3416
04,019,48,201,Tx,Harris,91,147,2525
04,019,08,031,Co,Denver,88,125,1947
04,019,48,029,Tx,Bexar,87,191,2284
04,019,04,009,Az,Graham,80,186,1631
04,019,49,035,Ut,"Salt Lake",78,171,2430
04,019,48,453,Tx,Travis,76,133,1837
04,019,15,003,Hi,Honolulu,74,136,2071
04,019,08,059,Co,Jefferson,72,130,2062
04,019,04,007,Az,Gila,72,165,1321
04,019,06,071,Ca,"San Bernardino",70,140,1505
04,019,48,141,Tx,"El Paso",70,135,1679
04,019,04,015,Az,Mohave,68,141,1551
04,019,06,075,Ca,"San Francisco",66,88,1255
04,019,41,051,Or,Multnomah,66,97,1198
04,019,06,001,Ca,Alameda,62,96,1430
04,019,48,439,Tx,Tarrant,62,113,1696
04,019,08,013,Co,Boulder,59,92,1374
04,019,32,031,Nv,Washoe,51,95,2045
04,019,04,001,Az,Apache,50,107,961
04,019,06,067,Ca,Sacramento,49,85,1095
04,019,08,001,Co,Adams,48,88,1258
04,019,25,017,Ma,Middlesex,47,77,1598
04,019,27,053,Mn,Hennepin,45,77,1211
04,019,26,125,Mi,Oakland,44,71,1345
04,019,53,053,Wa,Pierce,43,98,1042
04,019,41,039,Or,Lane,43,61,829
04,019,51,059,Va,Fairfax,42,77,1937
04,019,35,013,NM,"Dona Ana",42,93,1279
04,019,35,017,NM,Grant,41,81,929
04,019,41,067,Or,Washington,40,79,1168
04,019,06,013,Ca,"Contra Costa",40,57,925
04,019,06,081,Ca,"San Mateo",39,49,1019
04,019,36,061,NY,"New York",38,43,814
04,019,08,069,Co,Larimer,37,62,1059
04,019,06,111,Ca,Ventura,37,67,1208
04,019,12,011,Fl,Broward,36,64,1095
04,019,02,020,Ak,"Anchorage Borough",36,71,690
04,019,35,049,NM,"Santa Fe",36,56,931
04,019,53,061,Wa,Snohomish,36,66,689
04,019,16,001,Id,Ada,36,74,1164
04,019,06,083,Ca,"Santa Barbara",35,51,816
04,019,17,043,Il,"Du Page",34,66,878
04,019,18,097,In,Marion,33,57,556
04,019,37,051,NC,Cumberland,33,59,608
04,019,40,109,Ok,Oklahoma,32,51,535
04,019,40,143,Ok,Tulsa,32,56,577
04,019,49,049,Ut,Utah,31,74,633
04,019,13,121,Ga,Fulton,31,50,959
04,019,12,095,Fl,Orange,31,55,835
04,019,11,001,DC,"Wash.,D.C.",30,42,566
04,019,31,055,Ne,Douglas,30,67,728
04,019,53,063,Wa,Spokane,30,59,718
04,019,39,049,Oh,Franklin,29,49,466
04,019,12,103,Fl,Pinellas,28,47,599
04,019,39,035,Oh,Cuyahoga,28,56,839
04,019,26,163,Mi,Wayne,28,52,653
04,019,12,057,Fl,Hillsborough,28,49,951
04,019,48,027,Tx,Bell,27,57,776
04,019,42,003,Pa,Allegheny,27,49,615
04,019,49,057,Ut,Weber,27,73,691
04,019,41,047,Or,Marion,26,49,561
04,019,24,031,Md,Montgomery,26,40,574
04,019,02,090,Ak,"Fairbanks North Star Bor",26,63,704
04,019,06,095,Ca,Solano,25,58,484
04,019,20,173,Ks,Sedgwick,25,54,724
04,019,26,161,Mi,Washtenaw,25,44,977
04,019,12,099,Fl,"Palm Beach",25,46,809
04,019,12,009,Fl,Brevard,25,45,558
04,019,48,085,Tx,Collin,25,49,1213
04,019,47,157,Tn,Shelby,25,42,634
04,019,17,097,Il,Lake,24,49,991
04,019,12,091,Fl,Okaloosa,24,55,555
04,019,41,005,Or,Clackamas,24,45,747
04,019,36,029,NY,Erie,24,48,542
04,019,39,113,Oh,Montgomery,23,49,563
04,019,06,029,Ca,Kern,23,41,481
04,019,35,035,NM,Otero,23,54,626
04,019,13,067,Ga,Cobb,22,47,1112
04,019,37,183,NC,Wake,22,51,1106
04,019,55,079,Wi,Milwaukee,21,32,507
04,019,19,153,Ia,Polk,21,32,646
04,019,12,071,Fl,Lee,21,38,429
04,019,08,077,Co,Mesa,21,49,664
04,019,47,037,Tn,Davidson,21,35,420
04,019,06,079,Ca,"San Luis Obispo",21,30,512
04,019,25,027,Ma,Worcester,21,33,529
04,019,12,025,Fl,Dade,21,34,430
04,019,25,025,Ma,Suffolk,21,25,413
04,019,49,011,Ut,Davis,21,65,636
04,019,29,189,Mo,"St. Louis",20,23,442
04,019,08,101,Co,Pueblo,20,37,392
04,019,06,019,Ca,Fresno,20,42,405
04,019,12,031,Fl,Duval,20,39,638
04,019,41,029,Or,Jackson,20,33,421
04,019,55,025,Wi,Dane,20,34,573
04,019,27,037,Mn,Dakota,20,36,485
04,019,51,013,Va,Arlington,20,26,579
04,019,53,035,Wa,Kitsap,19,39,348
04,019,24,003,Md,"Anne Arundel",19,39,315
04,019,31,109,Ne,Lancaster,19,25,327
04,019,53,011,Wa,Clark,19,42,687
04,019,04,011,Az,Greenlee,19,44,519
04,019,06,053,Ca,Monterey,19,34,440
04,019,09,001,Ct,Fairfield,19,29,385
04,019,36,055,NY,Monroe,19,34,391
04,019,06,089,Ca,Shasta,18,42,537
04,019,27,123,Mn,Ramsey,18,32,479
04,019,25,009,Ma,Essex,18,26,381
04,019,29,095,Mo,Jackson,18,32,410
04,019,12,033,Fl,Escambia,18,41,270
04,019,17,019,Il,Champaign,18,32,470
04,019,13,089,Ga,"De Kalb",18,27,390
04,019,36,103,NY,Suffolk,18,28,399
04,019,06,097,Ca,Sonoma,18,33,310
04,019,29,077,Mo,Greene,17,41,459
04,019,17,089,Il,Kane,17,30,411
04,019,37,119,NC,Mecklenburg,17,33,393
04,019,39,061,Oh,Hamilton,17,27,455
04,019,18,003,In,Allen,16,35,451
04,019,17,163,Il,"St. Clair",16,25,389
04,019,08,035,Co,Douglas,16,26,563
04,019,06,025,Ca,Imperial,16,40,263
04,019,48,303,Tx,Lubbock,16,27,333
04,019,30,063,Mt,Missoula,16,30,442
04,019,26,081,Mi,Kent,15,21,268
04,019,06,061,Ca,Placer,15,29,378
04,019,24,033,Md,"Prince George's",15,38,517
04,019,51,510,Va,"Alexandria city",15,22,417
04,019,45,019,SC,Charleston,15,33,387
04,019,26,049,Mi,Genesee,15,28,251
04,019,35,043,NM,Sandoval,15,37,695
04,019,35,015,NM,Eddy,15,27,221
04,019,08,067,Co,"La Plata",15,29,413
04,019,31,153,Ne,Sarpy,14,32,404
04,019,40,027,Ok,Cleveland,14,27,484
04,019,06,113,Ca,Yolo,14,21,278
04,019,35,045,NM,"San Juan",14,27,399
04,019,25,021,Ma,Norfolk,14,25,341
04,019,48,491,Tx,Williamson,14,33,827
04,019,19,103,Ia,Johnson,14,20,303
04,019,12,105,Fl,Polk,14,24,222
04,019,06,041,Ca,Marin,14,20,168
04,019,20,091,Ks,Johnson,14,22,814
04,019,55,087,Wi,Outagamie,14,26,444
04,019,48,339,Tx,Montgomery,14,26,343
04,019,48,121,Tx,Denton,13,34,377
04,019,32,007,Nv,Elko,13,35,499
04,019,35,031,NM,McKinley,13,31,195
04,019,06,077,Ca,"San Joaquin",13,25,387
04,019,09,009,Ct,"New Haven",13,17,282
04,019,34,023,NJ,Middlesex,13,31,470
04,019,29,510,Mo,"St. Louis city",13,21,210
04,019,26,099,Mi,Macomb,13,19,209
04,019,53,067,Wa,Thurston,13,25,317
04,019,55,133,Wi,Waukesha,13,20,308
04,019,36,059,NY,Nassau,13,17,380
04,019,39,153,Oh,Summit,13,24,466
04,019,48,381,Tx,Randall,13,29,461
04,019,39,095,Oh,Lucas,13,24,202
04,019,12,001,Fl,Alachua,13,22,348
04,019,13,135,Ga,Gwinnett,13,24,445
04,019,42,101,Pa,Philadelphia,12,16,245
04,019,35,005,NM,Chaves,12,23,204
04,019,51,810,Va,"Virginia Beach city",12,20,198
04,019,25,005,Ma,Bristol,12,20,191
04,019,08,043,Co,Fremont,12,34,254
04,019,36,119,NY,Westchester,12,23,246
04,019,06,087,Ca,"Santa Cruz",12,15,208
04,019,16,055,Id,Kootenai,12,26,352
04,019,21,111,Ky,Jefferson,12,30,337
04,019,48,355,Tx,Nueces,12,23,252
04,019,12,127,Fl,Volusia,11,25,372
04,019,12,115,Fl,Sarasota,11,21,227
04,019,37,081,NC,Guilford,11,18,240
04,019,42,091,Pa,Montgomery,11,25,403
04,019,15,009,Hi,Maui,11,19,246
04,019,22,033,La,"East Baton Rouge",11,21,423
04,019,34,025,NJ,Monmouth,11,11,111
04,019,32,510,Nv,"Carson City city",11,26,193
04,019,45,085,SC,Sumter,11,36,365
04,019,01,073,Al,Jefferson,11,28,394
04,019,09,003,Ct,Hartford,11,21,265
04,019,37,133,NC,Onslow,11,25,200
04,019,34,005,NJ,Burlington,11,26,294
04,019,17,197,Il,Will,11,14,312
04,019,01,089,Al,Madison,11,21,343
04,019,47,093,Tn,Knox,11,24,294
04,019,48,245,Tx,Jefferson,11,22,193
04,019,48,329,Tx,Midland,11,21,345
04,019,37,063,NC,Durham,10,23,398
04,019,46,103,SD,Pennington,10,18,207
04,019,51,650,Va,"Hampton city",10,23,309
04,019,28,047,Ms,Harrison,10,28,235
04,019,36,081,NY,Queens,10,20,138
04,019,41,017,Or,Deschutes,10,14,180
04,019,18,105,In,Monroe,10,15,171
04,019,48,215,Tx,Hidalgo,10,21,341
04,019,36,047,NY,Kings,10,12,248
04,019,56,025,Wy,Natrona,10,18,116
04,019,51,153,Va,"Prince William",10,18,179
04,019,35,023,NM,Hidalgo,10,15,167
04,019,08,123,Co,Weld,10,14,137
04,019,17,119,Il,Madison,10,15,221
04,019,19,163,Ia,Scott,10,12,142
04,019,44,007,RI,Providence,10,18,313
04,019,05,143,Ar,Washington,10,16,212
04,019,22,071,La,Orleans,10,17,307
04,019,42,045,Pa,Delaware,10,17,280
04,019,22,017,La,Caddo,10,21,467
04,019,26,065,Mi,Ingham,10,17,174
04,019,48,373,Tx,Polk,10,25,322
04,019,06,099,Ca,Stanislaus,10,16,180
04,019,63,030,XX,"Suppress All Flows",3271,6741,84998
04,019,63,050,Az,"County Non-Migrant",236993,513971,7748510
04,021,00,001,Az,Pinal,3153,6855,71416
04,021,04,013,Az,Maricopa,1343,2882,31334
04,021,04,019,Az,Pima,297,619,6329
04,021,04,007,Az,Gila,69,163,1785
04,021,04,017,Az,Navajo,61,141,1431
04,021,04,025,Az,Yavapai,49,93,895
04,021,04,003,Az,Cochise,45,112,1021
04,021,04,027,Az,Yuma,34,86,655
04,021,06,073,Ca,"San Diego",34,70,603
04,021,04,005,Az,Coconino,30,58,803
04,021,32,003,Nv,Clark,28,59,1415
04,021,06,037,Ca,"Los Angeles",19,35,218
04,021,04,015,Az,Mohave,17,31,262
04,021,04,009,Az,Graham,16,40,366
04,021,08,041,Co,"El Paso",16,40,325
04,021,06,065,Ca,Riverside,13,38,155
04,021,06,085,Ca,"Santa Clara",12,29,388
04,021,32,007,Nv,Elko,12,26,364
04,021,04,001,Az,Apache,12,35,248
04,021,53,033,Wa,King,11,19,216
04,021,32,031,Nv,Washoe,11,19,348
04,021,57,005,FR,"APO / FPO Zip Code",11,27,200
04,021,35,001,NM,Bernalillo,11,23,188
04,021,06,071,Ca,"San Bernardino",10,20,137
04,021,63,010,XX,"Same State",12,28,310
04,021,63,011,XX,"Region 1: Northeast",71,145,1730
04,021,63,012,XX,"Region 2: Midwest",274,611,5201
04,021,63,013,XX,"Region 3: South",251,552,4775
04,021,63,014,XX,"Region 4: West",384,854,9714
04,021,63,050,Az,"County Non-Migrant",32004,79759,852191
04,023,00,001,Az,"Santa Cruz",679,1736,17196
04,023,04,019,Az,Pima,327,872,8609
04,023,04,013,Az,Maricopa,107,288,1865
04,023,04,003,Az,Cochise,18,51,488
04,023,06,073,Ca,"San Diego",11,28,206
04,023,63,010,XX,"Same State",25,67,657
04,023,63,011,XX,"Region 1: Northeast",20,38,663
04,023,63,012,XX,"Region 2: Midwest",32,68,961
04,023,63,013,XX,"Region 3: South",48,105,1781
04,023,63,014,XX,"Region 4: West",91,219,1966
04,023,63,050,Az,"County Non-Migrant",10691,31248,260686
04,025,00,001,Az,Yavapai,3730,7149,82310
04,025,04,013,Az,Maricopa,902,1676,20065
04,025,04,005,Az,Coconino,305,544,6708
04,025,04,019,Az,Pima,146,257,3043
04,025,04,015,Az,Mohave,94,220,2461
04,025,06,073,Ca,"San Diego",74,115,1124
04,025,06,037,Ca,"Los Angeles",73,138,1885
04,025,32,003,Nv,Clark,71,132,1473
04,025,04,017,Az,Navajo,55,109,1305
04,025,06,065,Ca,Riverside,40,74,825
04,025,06,071,Ca,"San Bernardino",39,87,730
04,025,04,007,Az,Gila,38,73,1054
04,025,04,021,Az,Pinal,37,69,900
04,025,06,059,Ca,Orange,32,59,529
04,025,53,033,Wa,King,23,35,500
04,025,49,035,Ut,"Salt Lake",21,44,389
04,025,08,069,Co,Larimer,19,41,322
04,025,57,005,FR,"APO / FPO Zip Code",19,34,261
04,025,04,001,Az,Apache,18,53,271
04,025,35,001,NM,Bernalillo,17,29,551
04,025,57,001,FR,"Foreign / Overseas",17,29,391
04,025,04,003,Az,Cochise,17,35,373
04,025,32,007,Nv,Elko,17,43,867
04,025,04,027,Az,Yuma,17,42,375
04,025,32,031,Nv,Washoe,15,27,366
04,025,08,013,Co,Boulder,15,21,171
04,025,41,051,Or,Multnomah,14,20,332
04,025,17,031,Il,Cook,14,20,510
04,025,35,045,NM,"San Juan",13,24,331
04,025,08,041,Co,"El Paso",13,27,211
04,025,08,077,Co,Mesa,13,28,333
04,025,08,031,Co,Denver,12,18,128
04,025,04,012,Az,"La Paz",11,22,453
04,025,06,013,Ca,"Contra Costa",11,21,331
04,025,48,201,Tx,Harris,11,14,307
04,025,41,029,Or,Jackson,11,24,193
04,025,06,111,Ca,Ventura,11,16,171
04,025,35,049,NM,"Santa Fe",10,14,85
04,025,08,001,Co,Adams,10,16,102
04,025,04,009,Az,Graham,10,36,197
04,025,06,085,Ca,"Santa Clara",10,12,161
04,025,06,067,Ca,Sacramento,10,14,158
04,025,16,001,Id,Ada,10,24,397
04,025,48,453,Tx,Travis,10,26,242
04,025,63,030,XX,"Suppress All Flows",1405,2787,30729
04,025,63,050,Az,"County Non-Migrant",39028,84953,1136791
04,027,00,001,Az,Yuma,3937,10308,78412
04,027,04,013,Az,Maricopa,495,1211,9541
04,027,04,019,Az,Pima,192,395,3958
04,027,06,073,Ca,"San Diego",191,507,4138
04,027,06,025,Ca,Imperial,189,674,2654
04,027,06,053,Ca,Monterey,154,522,2387
04,027,06,037,Ca,"Los Angeles",144,439,1753
04,027,06,065,Ca,Riverside,132,430,1676
04,027,57,005,FR,"APO / FPO Zip Code",114,240,2364
04,027,32,003,Nv,Clark,74,193,1262
04,027,04,015,Az,Mohave,57,157,862
04,027,06,071,Ca,"San Bernardino",57,163,1184
04,027,06,019,Ca,Fresno,50,171,581
04,027,06,059,Ca,Orange,49,123,980
04,027,04,021,Az,Pinal,48,121,1025
04,027,04,005,Az,Coconino,38,58,675
04,027,06,029,Ca,Kern,37,117,381
04,027,57,001,FR,"Foreign / Overseas",31,66,856
04,027,04,025,Az,Yavapai,28,62,626
04,027,06,107,Ca,Tulare,26,90,286
04,027,04,007,Az,Gila,24,56,748
04,027,51,153,Va,"Prince William",24,75,984
04,027,04,012,Az,"La Paz",22,78,340
04,027,32,031,Nv,Washoe,21,39,380
04,027,37,133,NC,Onslow,21,69,496
04,027,37,049,NC,Craven,20,72,739
04,027,48,439,Tx,Tarrant,18,39,356
04,027,06,111,Ca,Ventura,18,64,244
04,027,45,013,SC,Beaufort,17,48,429
04,027,04,003,Az,Cochise,17,43,351
04,027,48,201,Tx,Harris,17,32,288
04,027,06,031,Ca,Kings,17,58,185
04,027,53,033,Wa,King,16,30,353
04,027,15,003,Hi,Honolulu,16,42,587
04,027,17,031,Il,Cook,16,36,519
04,027,04,017,Az,Navajo,16,42,352
04,027,06,047,Ca,Merced,15,51,183
04,027,49,035,Ut,"Salt Lake",15,34,220
04,027,06,077,Ca,"San Joaquin",15,54,174
04,027,06,067,Ca,Sacramento,15,35,658
04,027,48,141,Tx,"El Paso",14,29,178
04,027,53,077,Wa,Yakima,14,48,265
04,027,08,041,Co,"El Paso",14,28,333
04,027,35,013,NM,"Dona Ana",12,23,350
04,027,06,085,Ca,"Santa Clara",12,36,269
04,027,32,007,Nv,Elko,11,36,449
04,027,40,109,Ok,Oklahoma,11,24,120
04,027,47,157,Tn,Shelby,11,30,290
04,027,06,099,Ca,Stanislaus,11,21,223
04,027,53,061,Wa,Snohomish,11,25,156
04,027,06,083,Ca,"Santa Barbara",10,33,131
04,027,51,059,Va,Fairfax,10,31,349
04,027,63,010,XX,"Same State",12,34,333
04,027,63,011,XX,"Region 1: Northeast",107,273,2202
04,027,63,012,XX,"Region 2: Midwest",279,605,5761
04,027,63,013,XX,"Region 3: South",488,1199,12457
04,027,63,014,XX,"Region 4: West",444,1097,8771
04,027,63,050,Az,"County Non-Migrant",38138,108915,939522
