"1992 - 1993 County to County Migration Inflow",,,,,,,,
"(Aggregate money amounts are in thousands of dollars)",,,,,,,"Tennessee Inflows",
,,,,,,,,
,,,,,,,,
"Migration into",,"Migration from",,,,Number,Number,Aggregate
Tennessee,,,,,,of,of,total
State,County,State,County,State,"State totals, county totals,",returns,exemptions,money
"FIPS Code",,,,,"and county by county detail",,,income
47,001,00,001,Tn,Anderson,1726,3550,48019
47,001,47,093,Tn,Knox,483,980,12316
47,001,47,145,Tn,Roane,135,273,3288
47,001,47,013,Tn,Campbell,71,161,1496
47,001,47,129,Tn,Morgan,48,114,1196
47,001,57,001,FR,"Foreign / Overseas",27,28,305
47,001,47,009,Tn,Blount,25,44,527
47,001,47,065,Tn,Hamilton,21,42,990
47,001,47,105,Tn,Loudon,21,42,611
47,001,57,005,FR,"APO / FPO Zip Code",19,36,611
47,001,47,173,Tn,Union,15,31,372
47,001,47,037,Tn,Davidson,14,30,292
47,001,47,157,Tn,Shelby,12,20,324
47,001,06,073,Ca,"San Diego",11,19,272
47,001,39,113,Oh,Montgomery,11,19,257
47,001,12,009,Fl,Brevard,11,23,688
47,001,47,155,Tn,Sevier,10,20,108
47,001,63,010,XX,"Same State",98,194,2444
47,001,63,011,XX,"Region 1: Northeast",85,148,2623
47,001,63,012,XX,"Region 2: Midwest",132,264,4261
47,001,63,013,XX,"Region 3: South",382,836,11242
47,001,63,014,XX,"Region 4: West",95,226,3796
47,001,63,050,Tn,"County Non-Migrant",23551,53285,797377
47,003,00,001,Tn,Bedford,719,1590,17280
47,003,47,031,Tn,Coffee,107,240,2474
47,003,47,149,Tn,Rutherford,106,209,2685
47,003,47,037,Tn,Davidson,63,110,1350
47,003,47,117,Tn,Marshall,53,112,1110
47,003,47,119,Tn,Maury,27,79,1171
47,003,47,103,Tn,Lincoln,25,61,498
47,003,47,051,Tn,Franklin,19,30,401
47,003,47,187,Tn,Williamson,16,33,505
47,003,01,089,Al,Madison,10,23,270
47,003,63,010,XX,"Same State",69,157,1507
47,003,63,011,XX,"Region 1: Northeast",20,50,383
47,003,63,012,XX,"Region 2: Midwest",57,149,1588
47,003,63,013,XX,"Region 3: South",116,269,2541
47,003,63,014,XX,"Region 4: West",31,68,797
47,003,63,050,Tn,"County Non-Migrant",10766,25060,304704
47,005,00,001,Tn,Benton,348,723,7541
47,005,47,079,Tn,Henry,28,56,466
47,005,47,017,Tn,Carroll,27,55,466
47,005,47,039,Tn,Decatur,25,53,346
47,005,17,031,Il,Cook,19,35,373
47,005,47,085,Tn,Humphreys,18,42,401
47,005,47,157,Tn,Shelby,16,29,526
47,005,63,010,XX,"Same State",63,142,1656
47,005,63,011,XX,"Region 1: Northeast",18,40,427
47,005,63,012,XX,"Region 2: Midwest",37,82,864
47,005,63,013,XX,"Region 3: South",73,143,1157
47,005,63,014,XX,"Region 4: West",24,46,859
47,005,63,050,Tn,"County Non-Migrant",4875,11107,115948
47,007,00,001,Tn,Bledsoe,176,376,4129
47,007,47,143,Tn,Rhea,30,66,507
47,007,47,035,Tn,Cumberland,16,34,687
47,007,47,065,Tn,Hamilton,16,32,279
47,007,47,153,Tn,Sequatchie,14,30,159
47,007,63,020,XX,"Same State",39,77,671
47,007,63,021,XX,"Same Region, Diff. State",37,84,1213
47,007,63,022,XX,"Different Region",24,53,613
47,007,63,050,Tn,"County Non-Migrant",2568,6053,55648
47,009,00,001,Tn,Blount,2322,4777,59559
47,009,47,093,Tn,Knox,650,1203,14500
47,009,47,105,Tn,Loudon,98,204,1979
47,009,47,155,Tn,Sevier,94,190,2040
47,009,47,065,Tn,Hamilton,33,70,1120
47,009,57,001,FR,"Foreign / Overseas",29,31,121
47,009,06,037,Ca,"Los Angeles",26,46,839
47,009,47,001,Tn,Anderson,24,54,634
47,009,57,005,FR,"APO / FPO Zip Code",22,43,357
47,009,47,037,Tn,Davidson,21,34,464
47,009,47,157,Tn,Shelby,20,45,999
47,009,47,063,Tn,Hamblen,19,39,453
47,009,47,123,Tn,Monroe,19,36,463
47,009,47,145,Tn,Roane,19,37,431
47,009,47,107,Tn,McMinn,17,33,320
47,009,47,163,Tn,Sullivan,16,21,400
47,009,12,103,Fl,Pinellas,15,34,363
47,009,13,067,Ga,Cobb,15,30,551
47,009,47,179,Tn,Washington,14,23,231
47,009,12,025,Fl,Dade,13,33,344
47,009,12,099,Fl,"Palm Beach",13,24,263
47,009,47,089,Tn,Jefferson,13,31,354
47,009,12,011,Fl,Broward,12,20,206
47,009,47,011,Tn,Bradley,12,24,357
47,009,47,165,Tn,Sumner,11,26,395
47,009,12,057,Fl,Hillsborough,10,28,169
47,009,26,163,Mi,Wayne,10,18,243
47,009,12,105,Fl,Polk,10,24,206
47,009,63,010,XX,"Same State",109,235,2701
47,009,63,011,XX,"Region 1: Northeast",79,167,2407
47,009,63,012,XX,"Region 2: Midwest",228,523,7694
47,009,63,013,XX,"Region 3: South",563,1251,15263
47,009,63,014,XX,"Region 4: West",88,200,2692
47,009,63,050,Tn,"County Non-Migrant",30615,69072,926830
47,011,00,001,Tn,Bradley,1873,4041,42245
47,011,47,065,Tn,Hamilton,308,653,7684
47,011,47,139,Tn,Polk,114,234,2212
47,011,47,107,Tn,McMinn,113,247,2409
47,011,13,313,Ga,Whitfield,52,100,1126
47,011,47,121,Tn,Meigs,37,84,903
47,011,47,093,Tn,Knox,26,51,544
47,011,47,123,Tn,Monroe,23,54,360
47,011,13,295,Ga,Walker,20,39,344
47,011,47,037,Tn,Davidson,19,28,400
47,011,13,213,Ga,Murray,18,35,318
47,011,17,031,Il,Cook,16,42,773
47,011,13,089,Ga,"De Kalb",16,37,298
47,011,13,047,Ga,Catoosa,16,38,323
47,011,12,099,Fl,"Palm Beach",15,32,431
47,011,57,005,FR,"APO / FPO Zip Code",14,33,279
47,011,13,067,Ga,Cobb,14,33,356
47,011,12,057,Fl,Hillsborough,13,28,177
47,011,12,011,Fl,Broward,12,21,191
47,011,04,013,Az,Maricopa,12,23,338
47,011,06,037,Ca,"Los Angeles",11,22,176
47,011,26,163,Mi,Wayne,10,22,197
47,011,13,135,Ga,Gwinnett,10,24,274
47,011,47,149,Tn,Rutherford,10,19,305
47,011,12,031,Fl,Duval,10,23,269
47,011,63,010,XX,"Same State",107,246,2869
47,011,63,011,XX,"Region 1: Northeast",74,157,1298
47,011,63,012,XX,"Region 2: Midwest",141,304,3095
47,011,63,013,XX,"Region 3: South",537,1192,12227
47,011,63,014,XX,"Region 4: West",105,220,2069
47,011,63,050,Tn,"County Non-Migrant",25902,59345,802258
47,013,00,001,Tn,Campbell,559,1218,11870
47,013,47,093,Tn,Knox,66,133,1963
47,013,47,001,Tn,Anderson,51,133,1059
47,013,21,235,Ky,Whitley,30,63,390
47,013,47,151,Tn,Scott,27,62,371
47,013,47,025,Tn,Claiborne,25,48,397
47,013,39,113,Oh,Montgomery,17,40,309
47,013,26,163,Mi,Wayne,14,34,271
47,013,63,010,XX,"Same State",54,105,1113
47,013,63,011,XX,"Region 1: Northeast",19,40,389
47,013,63,012,XX,"Region 2: Midwest",101,219,2217
47,013,63,013,XX,"Region 3: South",134,306,3002
47,013,63,014,XX,"Region 4: West",21,35,389
47,013,63,050,Tn,"County Non-Migrant",9858,23090,218507
47,015,00,001,Tn,Cannon,320,754,6772
47,015,47,149,Tn,Rutherford,128,308,2871
47,015,47,177,Tn,Warren,31,64,513
47,015,47,031,Tn,Coffee,18,36,333
47,015,47,189,Tn,Wilson,18,46,388
47,015,47,041,Tn,"De Kalb",16,47,387
47,015,47,037,Tn,Davidson,15,31,345
47,015,63,020,XX,"Same State",27,69,613
47,015,63,021,XX,"Same Region, Diff. State",38,93,674
47,015,63,022,XX,"Different Region",29,60,648
47,015,63,050,Tn,"County Non-Migrant",3540,8198,88945
47,017,00,001,Tn,Carroll,649,1429,12857
47,017,47,053,Tn,Gibson,68,146,1403
47,017,47,183,Tn,Weakley,61,151,1097
47,017,47,079,Tn,Henry,42,94,614
47,017,47,005,Tn,Benton,40,87,682
47,017,47,077,Tn,Henderson,35,71,386
47,017,47,113,Tn,Madison,34,67,662
47,017,47,157,Tn,Shelby,30,61,633
47,017,47,037,Tn,Davidson,17,41,246
47,017,17,031,Il,Cook,15,29,360
47,017,47,131,Tn,Obion,11,27,1024
47,017,63,010,XX,"Same State",50,105,1099
47,017,63,011,XX,"Region 1: Northeast",20,47,298
47,017,63,012,XX,"Region 2: Midwest",73,177,1311
47,017,63,013,XX,"Region 3: South",124,263,2237
47,017,63,014,XX,"Region 4: West",29,63,805
47,017,63,050,Tn,"County Non-Migrant",9393,21586,238826
47,019,00,001,Tn,Carter,956,1983,19171
47,019,47,179,Tn,Washington,330,676,6669
47,019,47,163,Tn,Sullivan,67,140,1392
47,019,47,091,Tn,Johnson,35,76,655
47,019,47,171,Tn,Unicoi,25,53,450
47,019,37,011,NC,Avery,20,37,284
47,019,37,035,NC,Catawba,14,29,224
47,019,57,005,FR,"APO / FPO Zip Code",13,34,296
47,019,47,093,Tn,Knox,11,15,184
47,019,63,010,XX,"Same State",59,120,1328
47,019,63,011,XX,"Region 1: Northeast",23,41,432
47,019,63,012,XX,"Region 2: Midwest",60,128,1006
47,019,63,013,XX,"Region 3: South",257,528,5415
47,019,63,014,XX,"Region 4: West",42,106,836
47,019,63,050,Tn,"County Non-Migrant",15659,34824,377579
47,021,00,001,Tn,Cheatham,1045,2328,26867
47,021,47,037,Tn,Davidson,565,1257,14539
47,021,47,125,Tn,Montgomery,49,117,1148
47,021,47,043,Tn,Dickson,39,85,833
47,021,47,187,Tn,Williamson,33,70,1006
47,021,47,165,Tn,Sumner,29,63,764
47,021,47,147,Tn,Robertson,29,69,663
47,021,47,189,Tn,Wilson,18,30,443
47,021,47,149,Tn,Rutherford,17,36,441
47,021,63,010,XX,"Same State",40,84,984
47,021,63,011,XX,"Region 1: Northeast",19,33,347
47,021,63,012,XX,"Region 2: Midwest",45,87,1458
47,021,63,013,XX,"Region 3: South",132,323,3532
47,021,63,014,XX,"Region 4: West",30,74,709
47,021,63,050,Tn,"County Non-Migrant",9154,21875,286701
47,023,00,001,Tn,Chester,328,741,7450
47,023,47,113,Tn,Madison,85,191,1853
47,023,47,109,Tn,McNairy,28,54,521
47,023,47,157,Tn,Shelby,26,49,1120
47,023,47,077,Tn,Henderson,17,35,351
47,023,47,069,Tn,Hardeman,11,28,256
47,023,47,071,Tn,Hardin,11,26,139
47,023,63,020,XX,"Same State",43,104,925
47,023,63,021,XX,"Same Region, Diff. State",57,138,1229
47,023,63,022,XX,"Different Region",50,116,1056
47,023,63,050,Tn,"County Non-Migrant",3650,8742,87975
47,025,00,001,Tn,Claiborne,512,1148,10049
47,025,21,013,Ky,Bell,129,291,2620
47,025,51,105,Va,Lee,28,69,607
47,025,47,093,Tn,Knox,22,46,361
47,025,47,013,Tn,Campbell,19,48,368
47,025,21,095,Ky,Harlan,16,41,324
47,025,47,063,Tn,Hamblen,14,30,211
47,025,47,067,Tn,Hancock,12,29,181
47,025,63,020,XX,"Same State",42,95,752
47,025,63,021,XX,"Same Region, Diff. State",120,249,2307
47,025,63,022,XX,"Different Region",110,250,2318
47,025,63,050,Tn,"County Non-Migrant",8449,19590,189775
47,027,00,001,Tn,Clay,144,308,2716
47,027,47,133,Tn,Overton,21,48,360
47,027,47,111,Tn,Macon,12,22,203
47,027,47,087,Tn,Jackson,11,21,171
47,027,63,020,XX,"Same State",29,67,550
47,027,63,021,XX,"Same Region, Diff. State",36,71,711
47,027,63,022,XX,"Different Region",35,79,721
47,027,63,050,Tn,"County Non-Migrant",2380,5205,46830
47,029,00,001,Tn,Cocke,520,1114,9890
47,029,47,089,Tn,Jefferson,53,114,696
47,029,47,155,Tn,Sevier,51,102,642
47,029,47,063,Tn,Hamblen,41,90,705
47,029,47,093,Tn,Knox,26,42,419
47,029,47,059,Tn,Greene,15,32,186
47,029,63,010,XX,"Same State",50,110,752
47,029,63,011,XX,"Region 1: Northeast",30,57,842
47,029,63,012,XX,"Region 2: Midwest",62,127,1320
47,029,63,013,XX,"Region 3: South",175,404,3970
47,029,63,014,XX,"Region 4: West",17,36,358
47,029,63,050,Tn,"County Non-Migrant",10201,22364,216645
47,031,00,001,Tn,Coffee,1243,2823,30064
47,031,47,051,Tn,Franklin,163,371,3325
47,031,47,003,Tn,Bedford,102,227,1968
47,031,47,149,Tn,Rutherford,91,210,2585
47,031,47,177,Tn,Warren,64,150,1903
47,031,47,037,Tn,Davidson,49,88,1015
47,031,47,127,Tn,Moore,28,59,604
47,031,47,061,Tn,Grundy,24,59,509
47,031,47,065,Tn,Hamilton,23,49,513
47,031,57,005,FR,"APO / FPO Zip Code",17,29,445
47,031,47,103,Tn,Lincoln,16,30,279
47,031,47,015,Tn,Cannon,15,37,209
47,031,01,089,Al,Madison,14,35,626
47,031,47,093,Tn,Knox,12,30,296
47,031,47,187,Tn,Williamson,12,32,477
47,031,47,115,Tn,Marion,11,21,178
47,031,63,010,XX,"Same State",114,244,2623
47,031,63,011,XX,"Region 1: Northeast",36,65,715
47,031,63,012,XX,"Region 2: Midwest",119,264,2383
47,031,63,013,XX,"Region 3: South",268,665,7378
47,031,63,014,XX,"Region 4: West",65,158,2033
47,031,63,050,Tn,"County Non-Migrant",14439,34009,442783
47,033,00,001,Tn,Crockett,303,680,5529
47,033,47,075,Tn,Haywood,46,101,820
47,033,47,113,Tn,Madison,41,99,903
47,033,47,053,Tn,Gibson,35,89,563
47,033,47,045,Tn,Dyer,31,73,520
47,033,47,097,Tn,Lauderdale,22,58,525
47,033,47,157,Tn,Shelby,18,35,427
47,033,63,020,XX,"Same State",35,70,626
47,033,63,021,XX,"Same Region, Diff. State",44,103,662
47,033,63,022,XX,"Different Region",31,52,483
47,033,63,050,Tn,"County Non-Migrant",4468,10127,117083
47,035,00,001,Tn,Cumberland,1011,2166,28361
47,035,47,141,Tn,Putnam,44,93,814
47,035,47,145,Tn,Roane,35,71,743
47,035,47,037,Tn,Davidson,34,78,1192
47,035,26,125,Mi,Oakland,32,61,1267
47,035,47,185,Tn,White,30,61,527
47,035,47,093,Tn,Knox,28,61,575
47,035,47,049,Tn,Fentress,27,48,408
47,035,47,143,Tn,Rhea,25,52,322
47,035,47,065,Tn,Hamilton,19,39,460
47,035,26,163,Mi,Wayne,16,38,503
47,035,47,007,Tn,Bledsoe,16,40,244
47,035,39,113,Oh,Montgomery,16,37,197
47,035,26,099,Mi,Macomb,11,21,465
47,035,47,149,Tn,Rutherford,10,20,192
47,035,47,129,Tn,Morgan,10,30,235
47,035,63,010,XX,"Same State",94,206,2654
47,035,63,011,XX,"Region 1: Northeast",67,135,3275
47,035,63,012,XX,"Region 2: Midwest",196,418,6596
47,035,63,013,XX,"Region 3: South",251,562,6345
47,035,63,014,XX,"Region 4: West",50,95,1347
47,035,63,050,Tn,"County Non-Migrant",11833,26828,283735
47,037,00,001,Tn,Davidson,17846,31688,493720
47,037,47,187,Tn,Williamson,1146,2149,54526
47,037,47,165,Tn,Sumner,1105,2064,27606
47,037,47,149,Tn,Rutherford,1043,1816,23629
47,037,47,189,Tn,Wilson,850,1623,21929
47,037,47,021,Tn,Cheatham,406,765,8401
47,037,47,157,Tn,Shelby,396,671,14690
47,037,47,147,Tn,Robertson,346,640,7405
47,037,47,093,Tn,Knox,274,430,6411
47,037,47,125,Tn,Montgomery,256,480,6137
47,037,06,037,Ca,"Los Angeles",228,421,7226
47,037,57,001,FR,"Foreign / Overseas",224,269,2591
47,037,47,065,Tn,Hamilton,187,315,5781
47,037,47,043,Tn,Dickson,180,316,4236
47,037,48,113,Tx,Dallas,163,278,7032
47,037,47,119,Tn,Maury,162,306,4033
47,037,17,031,Il,Cook,151,285,5478
47,037,57,005,FR,"APO / FPO Zip Code",123,249,2682
47,037,48,201,Tx,Harris,122,249,3567
47,037,21,047,Ky,Christian,115,220,2137
47,037,21,111,Ky,Jefferson,115,185,3015
47,037,13,121,Ga,Fulton,114,172,2610
47,037,01,073,Al,Jefferson,110,187,3340
47,037,01,089,Al,Madison,106,190,2392
47,037,13,089,Ga,"De Kalb",103,159,2708
47,037,13,067,Ga,Cobb,94,164,3711
47,037,26,163,Mi,Wayne,90,174,2474
47,037,21,227,Ky,Warren,90,128,1752
47,037,47,113,Tn,Madison,84,169,1946
47,037,12,011,Fl,Broward,82,148,2449
47,037,47,141,Tn,Putnam,80,134,2092
47,037,04,013,Az,Maricopa,79,145,2898
47,037,12,031,Fl,Duval,79,137,1943
47,037,21,067,Ky,Fayette,74,113,1786
47,037,48,439,Tx,Tarrant,74,123,2214
47,037,06,073,Ca,"San Diego",73,140,2286
47,037,12,095,Fl,Orange,71,115,1673
47,037,06,059,Ca,Orange,71,134,1847
47,037,12,025,Fl,Dade,70,121,2607
47,037,26,125,Mi,Oakland,70,121,2774
47,037,12,103,Fl,Pinellas,68,101,1795
47,037,18,097,In,Marion,67,115,1867
47,037,47,031,Tn,Coffee,67,111,1471
47,037,12,099,Fl,"Palm Beach",65,111,2243
47,037,12,057,Fl,Hillsborough,64,104,1341
47,037,47,003,Tn,Bedford,64,101,1264
47,037,29,189,Mo,"St. Louis",64,113,2056
47,037,47,081,Tn,Hickman,62,131,1443
47,037,37,119,NC,Mecklenburg,61,117,2952
47,037,51,059,Va,Fairfax,56,82,1581
47,037,39,153,Oh,Summit,55,111,3909
47,037,39,049,Oh,Franklin,53,78,1383
47,037,37,183,NC,Wake,51,98,1755
47,037,47,117,Tn,Marshall,50,82,1115
47,037,47,179,Tn,Washington,49,88,1331
47,037,36,061,NY,"New York",48,80,2581
47,037,39,061,Oh,Hamilton,46,66,905
47,037,28,049,Ms,Hinds,44,79,1372
47,037,39,035,Oh,Cuyahoga,44,69,1246
47,037,05,119,Ar,Pulaski,44,75,1308
47,037,06,071,Ca,"San Bernardino",43,83,892
47,037,37,051,NC,Cumberland,43,95,876
47,037,47,055,Tn,Giles,41,59,715
47,037,24,031,Md,Montgomery,40,76,1493
47,037,48,029,Tx,Bexar,40,75,1261
47,037,26,049,Mi,Genesee,39,76,1080
47,037,47,085,Tn,Humphreys,39,72,896
47,037,22,033,La,"East Baton Rouge",38,69,954
47,037,13,135,Ga,Gwinnett,38,76,1494
47,037,47,053,Tn,Gibson,38,62,632
47,037,48,453,Tx,Travis,37,69,1052
47,037,17,043,Il,"Du Page",37,69,2262
47,037,47,163,Tn,Sullivan,37,52,777
47,037,21,145,Ky,McCracken,36,49,622
47,037,40,109,Ok,Oklahoma,36,56,880
47,037,47,177,Tn,Warren,35,57,859
47,037,12,127,Fl,Volusia,35,62,580
47,037,47,099,Tn,Lawrence,34,42,703
47,037,12,117,Fl,Seminole,34,45,1104
47,037,01,097,Al,Mobile,34,69,709
47,037,18,163,In,Vanderburgh,33,58,821
47,037,40,143,Ok,Tulsa,33,68,879
47,037,47,079,Tn,Henry,32,49,606
47,037,42,003,Pa,Allegheny,31,48,750
47,037,51,810,Va,"Virginia Beach city",31,65,2396
47,037,53,033,Wa,King,31,59,1062
47,037,45,019,SC,Charleston,31,59,754
47,037,12,105,Fl,Polk,30,68,611
47,037,12,073,Fl,Leon,30,60,613
47,037,01,101,Al,Montgomery,30,64,1243
47,037,39,113,Oh,Montgomery,30,45,750
47,037,47,051,Tn,Franklin,29,47,654
47,037,11,001,DC,"Wash.,D.C.",29,43,936
47,037,15,003,Hi,Honolulu,29,57,659
47,037,45,045,SC,Greenville,29,59,784
47,037,32,003,Nv,Clark,28,47,616
47,037,22,051,La,Jefferson,28,60,855
47,037,51,013,Va,Arlington,28,45,1247
47,037,01,103,Al,Morgan,28,47,873
47,037,06,085,Ca,"Santa Clara",28,41,1207
47,037,27,053,Mn,Hennepin,28,40,638
47,037,45,079,SC,Richland,27,56,807
47,037,25,017,Ma,Middlesex,27,38,817
47,037,22,071,La,Orleans,27,44,699
47,037,47,011,Tn,Bradley,27,49,658
47,037,25,025,Ma,Suffolk,27,31,569
47,037,47,001,Tn,Anderson,27,46,738
47,037,06,075,Ca,"San Francisco",26,29,667
47,037,21,059,Ky,Daviess,26,31,481
47,037,47,159,Tn,Smith,26,51,432
47,037,47,103,Tn,Lincoln,26,44,777
47,037,37,081,NC,Guilford,25,48,803
47,037,08,041,Co,"El Paso",25,46,634
47,037,18,089,In,Lake,25,42,373
47,037,12,001,Fl,Alachua,25,47,2115
47,037,39,095,Oh,Lucas,25,42,453
47,037,12,071,Fl,Lee,25,43,497
47,037,26,099,Mi,Macomb,24,37,890
47,037,21,035,Ky,Calloway,24,42,441
47,037,47,017,Tn,Carroll,24,37,362
47,037,01,077,Al,Lauderdale,24,46,985
47,037,42,101,Pa,Philadelphia,23,42,582
47,037,29,510,Mo,"St. Louis city",23,38,482
47,037,36,047,NY,Kings,23,43,955
47,037,12,005,Fl,Bay,23,39,520
47,037,12,009,Fl,Brevard,23,41,559
47,037,12,033,Fl,Escambia,22,38,374
47,037,04,019,Az,Pima,22,35,1086
47,037,29,095,Mo,Jackson,22,41,608
47,037,06,001,Ca,Alameda,22,41,605
47,037,47,035,Tn,Cumberland,22,28,485
47,037,37,021,NC,Buncombe,22,37,520
47,037,36,081,NY,Queens,22,43,615
47,037,37,063,NC,Durham,21,40,639
47,037,24,033,Md,"Prince George's",21,36,500
47,037,08,031,Co,Denver,21,31,411
47,037,48,121,Tx,Denton,21,55,973
47,037,47,009,Tn,Blount,21,32,553
47,037,21,107,Ky,Hopkins,21,33,408
47,037,20,091,Ks,Johnson,21,34,586
47,037,22,017,La,Caddo,21,39,613
47,037,06,067,Ca,Sacramento,20,35,417
47,037,47,111,Tn,Macon,20,35,343
47,037,12,115,Fl,Sarasota,20,27,485
47,037,06,065,Ca,Riverside,20,41,729
47,037,47,155,Tn,Sevier,20,36,264
47,037,09,001,Ct,Fairfield,20,36,961
47,037,13,215,Ga,Muscogee,19,37,526
47,037,17,097,Il,Lake,19,47,1043
47,037,47,183,Tn,Weakley,19,33,448
47,037,47,131,Tn,Obion,19,30,395
47,037,24,510,Md,"Baltimore city",19,34,607
47,037,01,125,Al,Tuscaloosa,19,40,861
47,037,18,003,In,Allen,19,35,461
47,037,36,029,NY,Erie,19,29,361
47,037,37,067,NC,Forsyth,19,29,557
47,037,37,133,NC,Onslow,18,37,301
47,037,36,103,NY,Suffolk,18,28,340
47,037,10,003,De,"New Castle",18,26,500
47,037,49,035,Ut,"Salt Lake",18,31,473
47,037,09,009,Ct,"New Haven",18,37,903
47,037,47,045,Tn,Dyer,18,33,484
47,037,36,119,NY,Westchester,17,34,649
47,037,54,011,WV,Cabell,17,22,452
47,037,47,015,Tn,Cannon,17,35,375
47,037,24,003,Md,"Anne Arundel",17,29,561
47,037,35,001,NM,Bernalillo,17,30,598
47,037,26,081,Mi,Kent,17,20,295
47,037,12,091,Fl,Okaloosa,17,27,258
47,037,26,161,Mi,Washtenaw,17,36,660
47,037,39,017,Oh,Butler,17,29,337
47,037,08,005,Co,Arapahoe,17,27,727
47,037,39,151,Oh,Stark,17,30,648
47,037,20,173,Ks,Sedgwick,16,36,286
47,037,55,025,Wi,Dane,16,29,382
47,037,19,153,Ia,Polk,16,31,892
47,037,13,021,Ga,Bibb,16,29,1842
47,037,17,197,Il,Will,15,24,174
47,037,17,089,Il,Kane,15,32,596
47,037,18,105,In,Monroe,15,24,352
47,037,45,083,SC,Spartanburg,15,26,313
47,037,18,157,In,Tippecanoe,15,28,422
47,037,42,091,Pa,Montgomery,15,20,345
47,037,13,051,Ga,Chatham,15,26,435
47,037,51,760,Va,"Richmond city",15,28,406
47,037,21,141,Ky,Logan,15,26,214
47,037,09,003,Ct,Hartford,15,30,682
47,037,48,309,Tx,McLennan,15,26,456
47,037,21,213,Ky,Simpson,15,31,283
47,037,41,039,Or,Lane,15,31,1315
47,037,37,135,NC,Orange,15,22,530
47,037,47,041,Tn,"De Kalb",15,30,312
47,037,17,163,Il,"St. Clair",15,28,299
47,037,32,031,Nv,Washoe,15,22,239
47,037,12,101,Fl,Pasco,14,25,327
47,037,47,145,Tn,Roane,14,21,329
47,037,06,029,Ca,Kern,14,27,401
47,037,54,039,WV,Kanawha,14,21,271
47,037,51,510,Va,"Alexandria city",14,19,685
47,037,25,009,Ma,Essex,14,21,484
47,037,01,117,Al,Shelby,14,30,411
47,037,42,029,Pa,Chester,14,20,374
47,037,34,003,NJ,Bergen,14,30,658
47,037,26,145,Mi,Saginaw,14,19,177
47,037,36,059,NY,Nassau,14,29,616
47,037,27,123,Mn,Ramsey,14,22,382
47,037,51,710,Va,"Norfolk city",13,25,189
47,037,47,169,Tn,Trousdale,13,23,307
47,037,22,115,La,Vernon,13,27,236
47,037,47,075,Tn,Haywood,13,24,273
47,037,21,157,Ky,Marshall,13,21,171
47,037,55,079,Wi,Milwaukee,13,20,159
47,037,51,153,Va,"Prince William",13,22,234
47,037,47,133,Tn,Overton,13,25,230
47,037,48,085,Tx,Collin,13,26,699
47,037,13,057,Ga,Cherokee,13,24,499
47,037,47,049,Tn,Fentress,13,15,250
47,037,47,005,Tn,Benton,13,19,291
47,037,06,083,Ca,"Santa Barbara",13,17,196
47,037,18,057,In,Hamilton,13,27,487
47,037,41,051,Or,Multnomah,12,23,359
47,037,17,019,Il,Champaign,12,21,228
47,037,12,083,Fl,Marion,12,13,212
47,037,12,111,Fl,"St. Lucie",12,26,172
47,037,21,093,Ky,Hardin,12,28,254
47,037,34,023,NJ,Middlesex,12,22,508
47,037,28,151,Ms,Washington,12,25,278
47,037,29,019,Mo,Boone,12,23,282
47,037,29,031,Mo,"Cape Girardeau",12,19,214
47,037,22,073,La,Ouachita,12,22,224
47,037,29,077,Mo,Greene,12,19,213
47,037,01,083,Al,Limestone,12,18,215
47,037,36,055,NY,Monroe,12,25,970
47,037,01,081,Al,Lee,12,16,122
47,037,45,091,SC,York,12,15,259
47,037,47,097,Tn,Lauderdale,12,17,123
47,037,13,245,Ga,Richmond,12,19,308
47,037,06,111,Ca,Ventura,12,30,778
47,037,34,017,NJ,Hudson,12,17,408
47,037,17,115,Il,Macon,12,22,402
47,037,17,143,Il,Peoria,12,21,162
47,037,08,059,Co,Jefferson,12,15,196
47,037,21,009,Ky,Barren,12,19,212
47,037,34,027,NJ,Morris,12,21,1030
47,037,28,047,Ms,Harrison,11,26,265
47,037,34,035,NJ,Somerset,11,21,1097
47,037,21,101,Ky,Henderson,11,16,244
47,037,36,067,NY,Onondaga,11,21,337
47,037,47,107,Tn,McMinn,11,16,202
47,037,31,055,Ne,Douglas,11,25,600
47,037,26,077,Mi,Kalamazoo,11,16,233
47,037,25,027,Ma,Worcester,11,17,268
47,037,39,099,Oh,Mahoning,11,17,240
47,037,24,005,Md,Baltimore,11,15,434
47,037,02,020,Ak,"Anchorage Borough",11,29,315
47,037,40,027,Ok,Cleveland,11,17,155
47,037,12,081,Fl,Manatee,11,17,299
47,037,25,021,Ma,Norfolk,11,19,285
47,037,13,063,Ga,Clayton,11,20,205
47,037,45,063,SC,Lexington,11,24,366
47,037,05,143,Ar,Washington,11,19,293
47,037,01,033,Al,Colbert,11,17,483
47,037,42,017,Pa,Bucks,11,17,379
47,037,47,185,Tn,White,10,20,223
47,037,47,143,Tn,Rhea,10,19,273
47,037,34,025,NJ,Monmouth,10,14,287
47,037,05,131,Ar,Sebastian,10,21,161
47,037,51,041,Va,Chesterfield,10,13,234
47,037,47,109,Tn,McNairy,10,17,191
47,037,37,071,NC,Gaston,10,16,219
47,037,22,055,La,Lafayette,10,13,127
47,037,42,133,Pa,York,10,14,234
47,037,21,219,Ky,Todd,10,15,172
47,037,53,053,Wa,Pierce,10,23,244
47,037,28,121,Ms,Rankin,10,19,249
47,037,48,141,Tx,"El Paso",10,25,271
47,037,22,015,La,Bossier,10,17,212
47,037,28,035,Ms,Forrest,10,16,154
47,037,06,013,Ca,"Contra Costa",10,16,267
47,037,47,019,Tn,Carter,10,13,141
47,037,28,033,Ms,"De Soto",10,24,351
47,037,29,183,Mo,"St. Charles",10,15,280
47,037,47,181,Tn,Wayne,10,18,154
47,037,36,005,NY,Bronx,10,31,372
47,037,63,010,XX,"Same State",183,305,3398
47,037,63,011,XX,"Region 1: Northeast",375,628,9293
47,037,63,012,XX,"Region 2: Midwest",836,1465,18656
47,037,63,013,XX,"Region 3: South",1566,2813,34183
47,037,63,014,XX,"Region 4: West",267,546,7416
47,037,63,050,Tn,"County Non-Migrant",188599,388847,6810720
47,039,00,001,Tn,Decatur,212,456,4522
47,039,47,077,Tn,Henderson,40,101,788
47,039,47,113,Tn,Madison,15,23,251
47,039,47,135,Tn,Perry,15,32,229
47,039,47,005,Tn,Benton,14,33,236
47,039,47,157,Tn,Shelby,13,25,203
47,039,63,020,XX,"Same State",44,90,839
47,039,63,021,XX,"Same Region, Diff. State",34,68,944
47,039,63,022,XX,"Different Region",37,84,1032
47,039,63,050,Tn,"County Non-Migrant",3429,7827,77429
47,041,00,001,Tn,"De Kalb",319,677,7075
47,041,47,177,Tn,Warren,26,50,624
47,041,47,037,Tn,Davidson,25,47,509
47,041,47,189,Tn,Wilson,22,52,510
47,041,47,149,Tn,Rutherford,21,39,489
47,041,47,185,Tn,White,18,41,227
47,041,47,015,Tn,Cannon,18,38,277
47,041,47,159,Tn,Smith,17,40,333
47,041,47,141,Tn,Putnam,16,30,470
47,041,63,020,XX,"Same State",39,94,1618
47,041,63,021,XX,"Same Region, Diff. State",64,138,1200
47,041,63,022,XX,"Different Region",53,108,818
47,041,63,050,Tn,"County Non-Migrant",4933,11221,122048
47,043,00,001,Tn,Dickson,971,2170,23127
47,043,47,037,Tn,Davidson,201,435,5162
47,043,47,081,Tn,Hickman,74,170,1376
47,043,47,125,Tn,Montgomery,73,157,1279
47,043,47,187,Tn,Williamson,55,128,1711
47,043,47,021,Tn,Cheatham,55,119,1022
47,043,47,085,Tn,Humphreys,36,69,594
47,043,47,165,Tn,Sumner,19,40,468
47,043,47,149,Tn,Rutherford,19,36,399
47,043,47,083,Tn,Houston,15,35,300
47,043,47,157,Tn,Shelby,13,20,303
47,043,57,005,FR,"APO / FPO Zip Code",10,23,205
47,043,63,010,XX,"Same State",76,187,1976
47,043,63,011,XX,"Region 1: Northeast",22,46,625
47,043,63,012,XX,"Region 2: Midwest",87,227,1886
47,043,63,013,XX,"Region 3: South",179,403,4856
47,043,63,014,XX,"Region 4: West",37,75,965
47,043,63,050,Tn,"County Non-Migrant",11930,28114,335644
47,045,00,001,Tn,Dyer,760,1707,18616
47,045,47,097,Tn,Lauderdale,63,113,1040
47,045,47,157,Tn,Shelby,53,115,1416
47,045,47,131,Tn,Obion,45,94,847
47,045,47,053,Tn,Gibson,43,117,749
47,045,47,033,Tn,Crockett,36,82,788
47,045,47,095,Tn,Lake,35,66,644
47,045,17,031,Il,Cook,16,46,330
47,045,47,113,Tn,Madison,15,29,317
47,045,57,005,FR,"APO / FPO Zip Code",13,26,249
47,045,47,183,Tn,Weakley,12,25,253
47,045,47,167,Tn,Tipton,12,29,270
47,045,63,010,XX,"Same State",61,133,1449
47,045,63,011,XX,"Region 1: Northeast",16,32,329
47,045,63,012,XX,"Region 2: Midwest",134,320,4150
47,045,63,013,XX,"Region 3: South",175,404,5151
47,045,63,014,XX,"Region 4: West",31,76,634
47,045,63,050,Tn,"County Non-Migrant",11723,27626,350935
47,047,00,001,Tn,Fayette,626,1362,16168
47,047,47,157,Tn,Shelby,383,828,11148
47,047,47,069,Tn,Hardeman,31,74,687
47,047,47,167,Tn,Tipton,27,65,442
47,047,28,093,Ms,Marshall,13,30,197
47,047,47,075,Tn,Haywood,11,23,123
47,047,28,033,Ms,"De Soto",10,17,161
47,047,63,010,XX,"Same State",29,66,552
47,047,63,011,XX,"Region 1: Northeast",14,29,400
47,047,63,012,XX,"Region 2: Midwest",22,55,524
47,047,63,013,XX,"Region 3: South",74,156,1676
47,047,63,014,XX,"Region 4: West",12,19,258
47,047,63,050,Tn,"County Non-Migrant",7393,17902,179588
47,049,00,001,Tn,Fentress,264,596,4809
47,049,47,035,Tn,Cumberland,22,56,391
47,049,47,141,Tn,Putnam,22,42,261
47,049,47,133,Tn,Overton,13,30,198
47,049,47,129,Tn,Morgan,12,28,189
47,049,18,035,In,Delaware,11,25,139
47,049,63,020,XX,"Same State",56,112,1059
47,049,63,021,XX,"Same Region, Diff. State",68,173,1392
47,049,63,022,XX,"Different Region",60,130,1180
47,049,63,050,Tn,"County Non-Migrant",4618,10722,84737
47,051,00,001,Tn,Franklin,748,1595,17774
47,051,47,031,Tn,Coffee,167,362,3481
47,051,47,103,Tn,Lincoln,35,78,650
47,051,47,037,Tn,Davidson,29,50,663
47,051,47,149,Tn,Rutherford,27,55,636
47,051,47,003,Tn,Bedford,23,51,359
47,051,47,061,Tn,Grundy,19,42,476
47,051,01,089,Al,Madison,15,40,374
47,051,47,065,Tn,Hamilton,15,24,225
47,051,17,031,Il,Cook,12,22,209
47,051,57,005,FR,"APO / FPO Zip Code",10,26,224
47,051,63,010,XX,"Same State",80,153,2030
47,051,63,011,XX,"Region 1: Northeast",22,45,768
47,051,63,012,XX,"Region 2: Midwest",57,132,1587
47,051,63,013,XX,"Region 3: South",194,432,5237
47,051,63,014,XX,"Region 4: West",43,83,855
47,051,63,050,Tn,"County Non-Migrant",11474,26720,321846
47,053,00,001,Tn,Gibson,976,2206,23790
47,053,47,113,Tn,Madison,222,516,6095
47,053,47,017,Tn,Carroll,81,186,1899
47,053,47,157,Tn,Shelby,54,97,1696
47,053,47,045,Tn,Dyer,45,102,824
47,053,47,033,Tn,Crockett,45,107,871
47,053,47,183,Tn,Weakley,43,88,846
47,053,47,131,Tn,Obion,40,99,728
47,053,47,023,Tn,Chester,16,28,205
47,053,17,031,Il,Cook,15,27,389
47,053,47,075,Tn,Haywood,14,37,430
47,053,47,037,Tn,Davidson,14,33,198
47,053,47,077,Tn,Henderson,13,27,251
47,053,47,079,Tn,Henry,11,27,257
47,053,63,010,XX,"Same State",73,160,1680
47,053,63,011,XX,"Region 1: Northeast",21,56,840
47,053,63,012,XX,"Region 2: Midwest",88,216,1987
47,053,63,013,XX,"Region 3: South",150,347,3862
47,053,63,014,XX,"Region 4: West",31,53,732
47,053,63,050,Tn,"County Non-Migrant",16260,37046,440971
47,055,00,001,Tn,Giles,533,1224,12962
47,055,01,083,Al,Limestone,59,138,1447
47,055,47,119,Tn,Maury,45,119,1383
47,055,47,099,Tn,Lawrence,43,94,942
47,055,47,117,Tn,Marshall,34,67,675
47,055,47,103,Tn,Lincoln,29,70,673
47,055,01,089,Al,Madison,26,60,565
47,055,47,037,Tn,Davidson,26,50,600
47,055,01,103,Al,Morgan,10,21,326
47,055,63,010,XX,"Same State",66,129,1806
47,055,63,011,XX,"Region 1: Northeast",15,31,241
47,055,63,012,XX,"Region 2: Midwest",52,142,1639
47,055,63,013,XX,"Region 3: South",114,268,2336
47,055,63,014,XX,"Region 4: West",14,35,329
47,055,63,050,Tn,"County Non-Migrant",8712,20418,239474
47,057,00,001,Tn,Grainger,417,893,8261
47,057,47,063,Tn,Hamblen,88,172,1676
47,057,47,093,Tn,Knox,83,190,1557
47,057,47,089,Tn,Jefferson,29,68,610
47,057,47,173,Tn,Union,21,42,311
47,057,47,073,Tn,Hawkins,19,38,392
47,057,47,025,Tn,Claiborne,16,31,211
47,057,63,010,XX,"Same State",40,85,696
47,057,63,011,XX,"Region 1: Northeast",14,38,514
47,057,63,012,XX,"Region 2: Midwest",33,60,783
47,057,63,013,XX,"Region 3: South",64,143,1298
47,057,63,014,XX,"Region 4: West",10,26,213
47,057,63,050,Tn,"County Non-Migrant",5552,12831,119984
47,059,00,001,Tn,Greene,972,2066,21160
47,059,47,179,Tn,Washington,186,381,3073
47,059,47,063,Tn,Hamblen,58,130,927
47,059,47,163,Tn,Sullivan,56,129,1431
47,059,47,073,Tn,Hawkins,46,93,797
47,059,47,029,Tn,Cocke,29,64,570
47,059,47,093,Tn,Knox,29,52,734
47,059,57,005,FR,"APO / FPO Zip Code",17,34,461
47,059,47,019,Tn,Carter,16,39,416
47,059,47,171,Tn,Unicoi,11,21,213
47,059,63,010,XX,"Same State",71,147,1567
47,059,63,011,XX,"Region 1: Northeast",50,96,1129
47,059,63,012,XX,"Region 2: Midwest",88,197,2397
47,059,63,013,XX,"Region 3: South",265,560,6115
47,059,63,014,XX,"Region 4: West",50,123,1330
47,059,63,050,Tn,"County Non-Migrant",19827,43266,494436
47,061,00,001,Tn,Grundy,179,382,3630
47,061,47,115,Tn,Marion,20,44,334
47,061,47,065,Tn,Hamilton,18,40,402
47,061,47,031,Tn,Coffee,15,34,265
47,061,47,177,Tn,Warren,14,35,255
47,061,47,051,Tn,Franklin,14,21,167
47,061,63,020,XX,"Same State",29,60,569
47,061,63,021,XX,"Same Region, Diff. State",45,99,1076
47,061,63,022,XX,"Different Region",24,49,562
47,061,63,050,Tn,"County Non-Migrant",3733,9334,76080
47,063,00,001,Tn,Hamblen,1308,2769,31557
47,063,47,089,Tn,Jefferson,187,376,3957
47,063,47,057,Tn,Grainger,103,203,2091
47,063,47,073,Tn,Hawkins,91,192,2822
47,063,47,093,Tn,Knox,81,138,1698
47,063,47,029,Tn,Cocke,60,120,1099
47,063,47,059,Tn,Greene,52,105,1022
47,063,47,155,Tn,Sevier,21,42,384
47,063,47,179,Tn,Washington,17,29,389
47,063,47,067,Tn,Hancock,16,29,283
47,063,57,005,FR,"APO / FPO Zip Code",14,22,227
47,063,47,025,Tn,Claiborne,14,34,259
47,063,47,163,Tn,Sullivan,11,24,433
47,063,47,001,Tn,Anderson,10,16,212
47,063,63,010,XX,"Same State",94,186,2415
47,063,63,011,XX,"Region 1: Northeast",63,122,1348
47,063,63,012,XX,"Region 2: Midwest",116,288,4518
47,063,63,013,XX,"Region 3: South",303,713,6863
47,063,63,014,XX,"Region 4: West",55,130,1537
47,063,63,050,Tn,"County Non-Migrant",17898,39637,506395
47,065,00,001,Tn,Hamilton,6516,13333,180218
47,065,13,295,Ga,Walker,532,1046,11072
47,065,13,047,Ga,Catoosa,435,889,9840
47,065,47,011,Tn,Bradley,327,659,7580
47,065,47,093,Tn,Knox,169,327,6172
47,065,47,037,Tn,Davidson,127,238,3437
47,065,47,143,Tn,Rhea,116,241,2255
47,065,47,115,Tn,Marion,113,221,2567
47,065,13,083,Ga,Dade,101,199,2101
47,065,47,157,Tn,Shelby,93,172,2770
47,065,57,005,FR,"APO / FPO Zip Code",77,149,1707
47,065,13,313,Ga,Whitfield,74,134,1716
47,065,13,067,Ga,Cobb,70,137,2066
47,065,47,153,Tn,Sequatchie,70,140,1433
47,065,13,121,Ga,Fulton,69,109,1439
47,065,13,089,Ga,"De Kalb",68,115,1574
47,065,57,001,FR,"Foreign / Overseas",57,93,1127
47,065,47,107,Tn,McMinn,53,126,1693
47,065,01,073,Al,Jefferson,49,105,2102
47,065,01,071,Al,Jackson,48,89,1157
47,065,12,095,Fl,Orange,46,87,1032
47,065,01,089,Al,Madison,43,91,1359
47,065,13,135,Ga,Gwinnett,42,83,1244
47,065,06,037,Ca,"Los Angeles",42,83,1092
47,065,12,011,Fl,Broward,40,103,1595
47,065,47,149,Tn,Rutherford,40,74,1346
47,065,48,201,Tx,Harris,39,85,1488
47,065,17,031,Il,Cook,39,79,1583
47,065,01,049,Al,"De Kalb",34,54,667
47,065,47,009,Tn,Blount,33,69,938
47,065,48,439,Tx,Tarrant,32,86,1402
47,065,48,113,Tx,Dallas,31,55,1041
47,065,47,179,Tn,Washington,31,53,948
47,065,06,073,Ca,"San Diego",29,59,887
47,065,37,133,NC,Onslow,28,62,492
47,065,12,057,Fl,Hillsborough,27,49,701
47,065,12,025,Fl,Dade,27,49,1371
47,065,04,013,Az,Maricopa,27,64,816
47,065,47,165,Tn,Sumner,27,55,662
47,065,37,119,NC,Mecklenburg,27,49,930
47,065,12,031,Fl,Duval,26,48,399
47,065,12,103,Fl,Pinellas,25,47,729
47,065,47,163,Tn,Sullivan,22,41,557
47,065,45,045,SC,Greenville,22,47,1018
47,065,21,111,Ky,Jefferson,21,37,648
47,065,24,031,Md,Montgomery,21,44,1546
47,065,01,097,Al,Mobile,20,41,547
47,065,47,061,Tn,Grundy,20,46,416
47,065,47,187,Tn,Williamson,20,36,741
47,065,47,141,Tn,Putnam,20,46,638
47,065,12,099,Fl,"Palm Beach",20,38,638
47,065,13,063,Ga,Clayton,19,39,372
47,065,37,051,NC,Cumberland,19,56,390
47,065,47,031,Tn,Coffee,19,43,576
47,065,13,213,Ga,Murray,18,37,342
47,065,26,163,Mi,Wayne,18,35,344
47,065,39,061,Oh,Hamilton,18,29,319
47,065,12,127,Fl,Volusia,18,52,379
47,065,47,001,Tn,Anderson,17,26,472
47,065,13,055,Ga,Chattooga,17,31,238
47,065,47,007,Tn,Bledsoe,17,38,307
47,065,47,155,Tn,Sevier,16,38,512
47,065,45,019,SC,Charleston,16,37,552
47,065,12,005,Fl,Bay,16,35,303
47,065,40,109,Ok,Oklahoma,16,37,254
47,065,39,049,Oh,Franklin,15,28,388
47,065,22,033,La,"East Baton Rouge",15,36,633
47,065,13,115,Ga,Floyd,15,29,164
47,065,22,071,La,Orleans,15,32,412
47,065,06,059,Ca,Orange,15,34,722
47,065,12,009,Fl,Brevard,15,23,309
47,065,06,071,Ca,"San Bernardino",15,28,219
47,065,51,059,Va,Fairfax,15,28,377
47,065,47,121,Tn,Meigs,14,27,230
47,065,39,113,Oh,Montgomery,14,34,513
47,065,47,139,Tn,Polk,14,23,274
47,065,12,117,Fl,Seminole,14,22,242
47,065,51,710,Va,"Norfolk city",13,30,205
47,065,01,101,Al,Montgomery,13,28,457
47,065,47,051,Tn,Franklin,13,23,150
47,065,15,003,Hi,Honolulu,13,34,418
47,065,39,035,Oh,Cuyahoga,13,41,280
47,065,51,810,Va,"Virginia Beach city",13,26,461
47,065,32,003,Nv,Clark,13,38,329
47,065,12,033,Fl,Escambia,12,27,190
47,065,12,115,Fl,Sarasota,12,20,318
47,065,24,033,Md,"Prince George's",12,29,384
47,065,12,083,Fl,Marion,12,24,226
47,065,47,129,Tn,Morgan,12,19,140
47,065,37,081,NC,Guilford,12,19,290
47,065,13,051,Ga,Chatham,12,19,366
47,065,47,035,Tn,Cumberland,12,21,215
47,065,42,011,Pa,Berks,12,29,764
47,065,18,097,In,Marion,12,15,383
47,065,48,029,Tx,Bexar,11,31,396
47,065,01,081,Al,Lee,11,25,148
47,065,42,003,Pa,Allegheny,11,20,253
47,065,06,065,Ca,Riverside,11,25,305
47,065,26,125,Mi,Oakland,11,15,420
47,065,12,081,Fl,Manatee,11,24,250
47,065,17,089,Il,Kane,11,30,260
47,065,36,081,NY,Queens,11,20,137
47,065,42,017,Pa,Bucks,10,21,360
47,065,01,055,Al,Etowah,10,22,809
47,065,51,510,Va,"Alexandria city",10,14,233
47,065,37,021,NC,Buncombe,10,17,226
47,065,45,063,SC,Lexington,10,24,254
47,065,05,119,Ar,Pulaski,10,19,323
47,065,13,215,Ga,Muscogee,10,27,296
47,065,12,073,Fl,Leon,10,22,254
47,065,63,010,XX,"Same State",159,302,3791
47,065,63,011,XX,"Region 1: Northeast",284,593,10341
47,065,63,012,XX,"Region 2: Midwest",413,881,14119
47,065,63,013,XX,"Region 3: South",1107,2423,33434
47,065,63,014,XX,"Region 4: West",185,410,4911
47,065,63,050,Tn,"County Non-Migrant",106089,236236,3667037
47,067,00,001,Tn,Hancock,100,247,1544
47,067,47,073,Tn,Hawkins,20,51,278
47,067,47,063,Tn,Hamblen,16,32,258
47,067,47,025,Tn,Claiborne,11,22,151
47,067,63,020,XX,"Same State",18,48,215
47,067,63,021,XX,"Same Region, Diff. State",25,61,403
47,067,63,022,XX,"Different Region",10,33,239
47,067,63,050,Tn,"County Non-Migrant",1728,4079,32083
47,069,00,001,Tn,Hardeman,403,917,8619
47,069,47,157,Tn,Shelby,76,164,2283
47,069,47,113,Tn,Madison,67,156,1341
47,069,47,047,Tn,Fayette,45,108,871
47,069,47,109,Tn,McNairy,23,52,429
47,069,47,023,Tn,Chester,10,26,174
47,069,28,009,Ms,Benton,10,28,150
47,069,47,037,Tn,Davidson,10,25,132
47,069,63,010,XX,"Same State",37,92,687
47,069,63,011,XX,"Region 1: Northeast",12,23,196
47,069,63,012,XX,"Region 2: Midwest",36,77,782
47,069,63,013,XX,"Region 3: South",62,129,1140
47,069,63,014,XX,"Region 4: West",15,37,434
47,069,63,050,Tn,"County Non-Migrant",7851,18827,177861
47,071,00,001,Tn,Hardin,528,1167,12269
47,071,47,109,Tn,McNairy,83,200,1519
47,071,47,157,Tn,Shelby,44,76,1111
47,071,28,003,Ms,Alcorn,21,43,881
47,071,01,077,Al,Lauderdale,14,29,299
47,071,47,077,Tn,Henderson,14,30,210
47,071,47,113,Tn,Madison,14,26,286
47,071,47,037,Tn,Davidson,12,21,229
47,071,47,181,Tn,Wayne,12,26,270
47,071,47,023,Tn,Chester,10,28,169
47,071,63,010,XX,"Same State",62,135,1060
47,071,63,011,XX,"Region 1: Northeast",18,31,339
47,071,63,012,XX,"Region 2: Midwest",51,126,1051
47,071,63,013,XX,"Region 3: South",149,349,4159
47,071,63,014,XX,"Region 4: West",24,47,686
47,071,63,050,Tn,"County Non-Migrant",7163,16688,172523
47,073,00,001,Tn,Hawkins,1044,2195,24220
47,073,47,163,Tn,Sullivan,323,666,7615
47,073,47,063,Tn,Hamblen,93,209,1669
47,073,47,059,Tn,Greene,45,111,837
47,073,51,169,Va,Scott,41,78,1317
47,073,47,179,Tn,Washington,37,78,881
47,073,47,067,Tn,Hancock,28,66,601
47,073,47,057,Tn,Grainger,25,49,488
47,073,47,093,Tn,Knox,17,35,370
47,073,47,089,Tn,Jefferson,14,25,315
47,073,63,010,XX,"Same State",54,103,1167
47,073,63,011,XX,"Region 1: Northeast",26,62,688
47,073,63,012,XX,"Region 2: Midwest",54,110,1457
47,073,63,013,XX,"Region 3: South",244,521,5775
47,073,63,014,XX,"Region 4: West",25,50,804
47,073,63,015,XX,Foreign,18,32,236
47,073,63,050,Tn,"County Non-Migrant",14846,34106,409723
47,075,00,001,Tn,Haywood,341,762,6221
47,075,47,157,Tn,Shelby,45,91,785
47,075,47,113,Tn,Madison,37,89,738
47,075,47,033,Tn,Crockett,32,68,677
47,075,47,097,Tn,Lauderdale,26,62,417
47,075,47,167,Tn,Tipton,25,51,436
47,075,47,047,Tn,Fayette,18,40,192
47,075,47,069,Tn,Hardeman,15,36,218
47,075,63,010,XX,"Same State",37,78,735
47,075,63,011,XX,"Region 1: Northeast",12,27,230
47,075,63,012,XX,"Region 2: Midwest",23,57,293
47,075,63,013,XX,"Region 3: South",57,130,1179
47,075,63,014,XX,"Region 4: West",14,33,321
47,075,63,050,Tn,"County Non-Migrant",6350,14898,147390
47,077,00,001,Tn,Henderson,451,976,9805
47,077,47,113,Tn,Madison,56,117,1037
47,077,47,039,Tn,Decatur,52,113,1006
47,077,47,017,Tn,Carroll,41,92,762
47,077,47,023,Tn,Chester,23,55,491
47,077,47,157,Tn,Shelby,18,39,515
47,077,47,071,Tn,Hardin,14,28,242
47,077,63,010,XX,"Same State",70,142,1197
47,077,63,011,XX,"Region 1: Northeast",12,22,379
47,077,63,012,XX,"Region 2: Midwest",75,167,2076
47,077,63,013,XX,"Region 3: South",75,169,1658
47,077,63,014,XX,"Region 4: West",15,32,442
47,077,63,050,Tn,"County Non-Migrant",7450,17342,183888
47,079,00,001,Tn,Henry,693,1506,15542
47,079,47,017,Tn,Carroll,58,134,1015
47,079,47,183,Tn,Weakley,46,101,1088
47,079,21,035,Ky,Calloway,34,66,627
47,079,47,157,Tn,Shelby,24,49,619
47,079,47,005,Tn,Benton,23,47,399
47,079,17,031,Il,Cook,17,49,410
47,079,47,037,Tn,Davidson,16,33,307
47,079,47,113,Tn,Madison,15,32,282
47,079,47,053,Tn,Gibson,14,33,247
47,079,57,005,FR,"APO / FPO Zip Code",11,34,256
47,079,26,163,Mi,Wayne,11,24,328
47,079,17,043,Il,"Du Page",10,19,201
47,079,63,010,XX,"Same State",70,158,1747
47,079,63,011,XX,"Region 1: Northeast",20,38,294
47,079,63,012,XX,"Region 2: Midwest",115,231,2467
47,079,63,013,XX,"Region 3: South",160,341,4041
47,079,63,014,XX,"Region 4: West",49,117,1214
47,079,63,050,Tn,"County Non-Migrant",9576,21471,246685
47,081,00,001,Tn,Hickman,439,1014,9778
47,081,47,037,Tn,Davidson,87,169,1719
47,081,47,043,Tn,Dickson,82,200,1699
47,081,47,187,Tn,Williamson,53,138,1359
47,081,47,119,Tn,Maury,41,109,1441
47,081,63,020,XX,"Same State",82,187,1712
47,081,63,021,XX,"Same Region, Diff. State",53,117,891
47,081,63,022,XX,"Different Region",41,94,957
47,081,63,050,Tn,"County Non-Migrant",5435,12681,134693
47,083,00,001,Tn,Houston,194,450,4101
47,083,47,125,Tn,Montgomery,28,64,506
47,083,47,161,Tn,Stewart,27,70,586
47,083,47,037,Tn,Davidson,14,33,204
47,083,47,043,Tn,Dickson,14,25,224
47,083,63,020,XX,"Same State",29,69,547
47,083,63,021,XX,"Same Region, Diff. State",31,85,420
47,083,63,022,XX,"Different Region",51,104,1614
47,083,63,050,Tn,"County Non-Migrant",2239,5223,52772
47,085,00,001,Tn,Humphreys,384,862,9038
47,085,47,037,Tn,Davidson,37,65,804
47,085,47,043,Tn,Dickson,31,70,613
47,085,47,135,Tn,Perry,14,24,188
47,085,47,125,Tn,Montgomery,13,25,151
47,085,47,005,Tn,Benton,12,26,283
47,085,47,083,Tn,Houston,11,26,165
47,085,47,157,Tn,Shelby,10,23,380
47,085,63,010,XX,"Same State",71,169,1632
47,085,63,011,XX,"Region 1: Northeast",18,37,689
47,085,63,012,XX,"Region 2: Midwest",40,93,1060
47,085,63,013,XX,"Region 3: South",103,244,2317
47,085,63,014,XX,"Region 4: West",24,60,756
47,085,63,050,Tn,"County Non-Migrant",5348,12564,154180
47,087,00,001,Tn,Jackson,208,478,3802
47,087,47,141,Tn,Putnam,54,121,979
47,087,47,037,Tn,Davidson,16,34,261
47,087,47,159,Tn,Smith,11,32,207
47,087,47,027,Tn,Clay,11,21,172
47,087,63,020,XX,"Same State",38,87,737
47,087,63,021,XX,"Same Region, Diff. State",43,109,881
47,087,63,022,XX,"Different Region",35,74,565
47,087,63,050,Tn,"County Non-Migrant",2649,6003,58895
47,089,00,001,Tn,Jefferson,1136,2455,26006
47,089,47,063,Tn,Hamblen,252,557,5755
47,089,47,093,Tn,Knox,234,497,5274
47,089,47,155,Tn,Sevier,79,167,1470
47,089,47,029,Tn,Cocke,78,144,1628
47,089,47,057,Tn,Grainger,27,63,542
47,089,47,009,Tn,Blount,19,45,383
47,089,47,059,Tn,Greene,14,33,451
47,089,47,073,Tn,Hawkins,11,23,179
47,089,37,021,NC,Buncombe,10,22,233
47,089,57,005,FR,"APO / FPO Zip Code",10,31,299
47,089,63,010,XX,"Same State",85,165,2122
47,089,63,011,XX,"Region 1: Northeast",35,79,800
47,089,63,012,XX,"Region 2: Midwest",77,160,1896
47,089,63,013,XX,"Region 3: South",181,394,4147
47,089,63,014,XX,"Region 4: West",24,75,827
47,089,63,050,Tn,"County Non-Migrant",11660,26176,309725
47,091,00,001,Tn,Johnson,310,705,5883
47,091,47,019,Tn,Carter,34,82,560
47,091,37,189,NC,Watauga,31,67,446
47,091,42,029,Pa,Chester,17,37,245
47,091,51,191,Va,Washington,16,31,237
47,091,47,179,Tn,Washington,15,34,254
47,091,47,163,Tn,Sullivan,12,30,214
47,091,63,010,XX,"Same State",23,47,578
47,091,63,011,XX,"Region 1: Northeast",20,45,353
47,091,63,012,XX,"Region 2: Midwest",12,21,174
47,091,63,013,XX,"Region 3: South",119,289,2517
47,091,63,014,XX,"Region 4: West",11,22,305
47,091,63,050,Tn,"County Non-Migrant",4563,10205,92476
47,093,00,001,Tn,Knox,9248,17790,263715
47,093,47,001,Tn,Anderson,671,1292,19580
47,093,47,009,Tn,Blount,560,1038,13263
47,093,47,155,Tn,Sevier,373,689,7843
47,093,57,001,FR,"Foreign / Overseas",328,361,1428
47,093,47,089,Tn,Jefferson,219,425,4905
47,093,47,037,Tn,Davidson,215,345,5560
47,093,47,105,Tn,Loudon,203,387,5671
47,093,47,145,Tn,Roane,175,316,5547
47,093,47,065,Tn,Hamilton,160,312,5096
47,093,47,157,Tn,Shelby,160,253,4520
47,093,47,173,Tn,Union,148,333,3123
47,093,47,179,Tn,Washington,113,207,2867
47,093,47,063,Tn,Hamblen,111,172,2337
47,093,47,163,Tn,Sullivan,107,173,2085
47,093,57,005,FR,"APO / FPO Zip Code",89,200,2388
47,093,47,057,Tn,Grainger,72,142,1208
47,093,13,089,Ga,"De Kalb",64,117,1965
47,093,06,037,Ca,"Los Angeles",63,130,2146
47,093,47,013,Tn,Campbell,61,120,1220
47,093,48,201,Tx,Harris,58,124,2694
47,093,13,067,Ga,Cobb,56,99,1759
47,093,37,119,NC,Mecklenburg,55,111,1788
47,093,17,031,Il,Cook,55,135,1637
47,093,13,121,Ga,Fulton,49,77,1591
47,093,47,107,Tn,McMinn,48,88,1040
47,093,12,099,Fl,"Palm Beach",46,81,945
47,093,47,123,Tn,Monroe,46,78,1144
47,093,47,149,Tn,Rutherford,44,63,990
47,093,06,073,Ca,"San Diego",43,97,1019
47,093,47,029,Tn,Cocke,42,80,943
47,093,47,059,Tn,Greene,42,59,742
47,093,12,057,Fl,Hillsborough,42,82,1017
47,093,47,035,Tn,Cumberland,41,64,641
47,093,12,011,Fl,Broward,40,91,1427
47,093,12,103,Fl,Pinellas,40,69,1017
47,093,12,095,Fl,Orange,39,84,1220
47,093,51,059,Va,Fairfax,39,90,1906
47,093,47,187,Tn,Williamson,38,64,1087
47,093,47,025,Tn,Claiborne,38,65,745
47,093,12,025,Fl,Dade,38,90,1624
47,093,04,013,Az,Maricopa,37,77,1521
47,093,47,141,Tn,Putnam,36,67,964
47,093,06,059,Ca,Orange,35,60,1473
47,093,48,439,Tx,Tarrant,35,84,1913
47,093,42,003,Pa,Allegheny,34,66,1668
47,093,48,113,Tx,Dallas,34,68,1160
47,093,39,061,Oh,Hamilton,33,73,1050
47,093,37,183,NC,Wake,32,56,1342
47,093,37,021,NC,Buncombe,32,50,718
47,093,21,111,Ky,Jefferson,32,59,789
47,093,47,073,Tn,Hawkins,31,47,572
47,093,47,165,Tn,Sumner,30,49,627
47,093,01,073,Al,Jefferson,30,53,974
47,093,12,009,Fl,Brevard,29,60,981
47,093,47,125,Tn,Montgomery,29,62,528
47,093,13,135,Ga,Gwinnett,29,50,975
47,093,47,011,Tn,Bradley,28,50,623
47,093,26,163,Mi,Wayne,28,55,759
47,093,45,019,SC,Charleston,27,54,788
47,093,47,189,Tn,Wilson,27,54,546
47,093,12,031,Fl,Duval,26,66,807
47,093,39,049,Oh,Franklin,26,46,1343
47,093,47,129,Tn,Morgan,25,56,597
47,093,01,089,Al,Madison,24,54,1081
47,093,12,127,Fl,Volusia,24,58,562
47,093,06,071,Ca,"San Bernardino",24,44,1166
47,093,39,035,Oh,Cuyahoga,24,46,960
47,093,39,017,Oh,Butler,23,39,763
47,093,45,079,SC,Richland,22,40,744
47,093,12,117,Fl,Seminole,21,46,852
47,093,12,001,Fl,Alachua,21,33,488
47,093,39,113,Oh,Montgomery,21,37,665
47,093,47,143,Tn,Rhea,20,37,400
47,093,21,013,Ky,Bell,20,31,351
47,093,47,019,Tn,Carter,20,27,348
47,093,48,029,Tx,Bexar,20,58,986
47,093,21,067,Ky,Fayette,20,40,639
47,093,47,151,Tn,Scott,20,35,478
47,093,45,045,SC,Greenville,19,50,567
47,093,12,071,Fl,Lee,19,28,455
47,093,47,113,Tn,Madison,19,28,358
47,093,36,061,NY,"New York",18,33,1001
47,093,51,810,Va,"Virginia Beach city",18,43,447
47,093,45,051,SC,Horry,17,36,330
47,093,24,031,Md,Montgomery,17,36,1075
47,093,37,133,NC,Onslow,17,46,295
47,093,12,115,Fl,Sarasota,17,36,354
47,093,05,119,Ar,Pulaski,17,41,676
47,093,18,097,In,Marion,17,44,554
47,093,24,033,Md,"Prince George's",17,36,584
47,093,08,041,Co,"El Paso",16,26,297
47,093,12,105,Fl,Polk,16,36,271
47,093,22,051,La,Jefferson,15,29,410
47,093,45,083,SC,Spartanburg,15,28,365
47,093,29,189,Mo,"St. Louis",15,32,828
47,093,32,003,Nv,Clark,15,24,379
47,093,39,095,Oh,Lucas,15,27,442
47,093,22,033,La,"East Baton Rouge",15,35,420
47,093,40,143,Ok,Tulsa,15,33,643
47,093,17,043,Il,"Du Page",14,34,1040
47,093,48,221,Tx,Hood,14,43,950
47,093,09,003,Ct,Hartford,14,41,1015
47,093,39,153,Oh,Summit,14,24,479
47,093,45,003,SC,Aiken,14,40,794
47,093,04,019,Az,Pima,14,32,532
47,093,12,091,Fl,Okaloosa,13,35,342
47,093,42,017,Pa,Bucks,13,28,521
47,093,51,161,Va,Roanoke,13,17,193
47,093,25,017,Ma,Middlesex,13,34,510
47,093,12,081,Fl,Manatee,13,23,237
47,093,36,103,NY,Suffolk,13,36,711
47,093,51,121,Va,Montgomery,13,25,450
47,093,08,005,Co,Arapahoe,13,23,472
47,093,12,033,Fl,Escambia,12,24,319
47,093,37,067,NC,Forsyth,12,15,252
47,093,48,141,Tx,"El Paso",12,24,281
47,093,26,099,Mi,Macomb,12,27,287
47,093,17,097,Il,Lake,12,29,740
47,093,53,033,Wa,King,12,18,432
47,093,06,085,Ca,"Santa Clara",12,33,465
47,093,51,153,Va,"Prince William",12,25,311
47,093,06,067,Ca,Sacramento,12,21,404
47,093,47,031,Tn,Coffee,12,14,182
47,093,17,089,Il,Kane,12,30,729
47,093,06,013,Ca,"Contra Costa",12,18,625
47,093,01,097,Al,Mobile,12,24,298
47,093,37,051,NC,Cumberland,11,27,261
47,093,45,063,SC,Lexington,11,23,260
47,093,26,125,Mi,Oakland,11,18,555
47,093,37,147,NC,Pitt,11,19,341
47,093,37,063,NC,Durham,11,13,431
47,093,51,710,Va,"Norfolk city",11,21,239
47,093,51,041,Va,Chesterfield,11,31,410
47,093,13,245,Ga,Richmond,11,20,371
47,093,06,001,Ca,Alameda,11,17,490
47,093,55,139,Wi,Winnebago,11,23,536
47,093,12,073,Fl,Leon,11,19,247
47,093,48,085,Tx,Collin,11,22,889
47,093,55,025,Wi,Dane,11,27,523
47,093,37,081,NC,Guilford,11,24,403
47,093,45,007,SC,Anderson,10,21,183
47,093,36,029,NY,Erie,10,19,475
47,093,13,057,Ga,Cherokee,10,27,430
47,093,12,083,Fl,Marion,10,15,169
47,093,40,109,Ok,Oklahoma,10,19,294
47,093,09,001,Ct,Fairfield,10,29,1136
47,093,63,010,XX,"Same State",168,278,3568
47,093,63,011,XX,"Region 1: Northeast",341,648,11832
47,093,63,012,XX,"Region 2: Midwest",517,1112,17657
47,093,63,013,XX,"Region 3: South",1215,2538,37371
47,093,63,014,XX,"Region 4: West",240,526,7393
47,093,63,050,Tn,"County Non-Migrant",120504,262416,4185841
47,095,00,001,Tn,Lake,139,304,2288
47,095,47,131,Tn,Obion,28,55,397
47,095,47,045,Tn,Dyer,22,50,418
47,095,63,020,XX,"Same State",35,65,616
47,095,63,021,XX,"Same Region, Diff. State",29,72,473
47,095,63,022,XX,"Different Region",25,62,384
47,095,63,050,Tn,"County Non-Migrant",1961,4470,45665
47,097,00,001,Tn,Lauderdale,439,972,8935
47,097,47,045,Tn,Dyer,60,140,1228
47,097,47,157,Tn,Shelby,58,105,1032
47,097,47,167,Tn,Tipton,45,109,735
47,097,47,075,Tn,Haywood,28,73,533
47,097,47,033,Tn,Crockett,19,39,366
47,097,17,031,Il,Cook,13,28,408
47,097,47,113,Tn,Madison,12,27,209
47,097,63,010,XX,"Same State",44,98,727
47,097,63,011,XX,"Region 1: Northeast",15,31,514
47,097,63,012,XX,"Region 2: Midwest",46,112,992
47,097,63,013,XX,"Region 3: South",80,169,1799
47,097,63,014,XX,"Region 4: West",19,41,392
47,097,63,050,Tn,"County Non-Migrant",7429,18066,179383
47,099,00,001,Tn,Lawrence,699,1616,14598
47,099,47,181,Tn,Wayne,85,185,1352
47,099,47,055,Tn,Giles,85,202,1725
47,099,47,119,Tn,Maury,64,137,1401
47,099,01,077,Al,Lauderdale,44,107,734
47,099,47,037,Tn,Davidson,36,77,785
47,099,47,101,Tn,Lewis,19,61,435
47,099,47,149,Tn,Rutherford,18,33,288
47,099,26,163,Mi,Wayne,11,29,228
47,099,12,025,Fl,Dade,11,26,154
47,099,63,010,XX,"Same State",80,172,1805
47,099,63,011,XX,"Region 1: Northeast",24,66,677
47,099,63,012,XX,"Region 2: Midwest",68,148,2103
47,099,63,013,XX,"Region 3: South",136,334,2560
47,099,63,014,XX,"Region 4: West",18,39,351
47,099,63,050,Tn,"County Non-Migrant",12337,29185,316471
47,101,00,001,Tn,Lewis,228,537,5174
47,101,47,119,Tn,Maury,31,70,971
47,101,47,099,Tn,Lawrence,19,46,405
47,101,47,081,Tn,Hickman,15,40,417
47,101,26,163,Mi,Wayne,14,23,199
47,101,47,135,Tn,Perry,12,24,191
47,101,63,020,XX,"Same State",50,121,1248
47,101,63,021,XX,"Same Region, Diff. State",41,112,804
47,101,63,022,XX,"Different Region",46,101,939
47,101,63,050,Tn,"County Non-Migrant",2783,6757,64958
47,103,00,001,Tn,Lincoln,553,1242,13440
47,103,01,089,Al,Madison,118,270,3576
47,103,47,117,Tn,Marshall,33,73,525
47,103,47,055,Tn,Giles,28,64,588
47,103,47,003,Tn,Bedford,25,59,408
47,103,01,083,Al,Limestone,24,54,465
47,103,47,031,Tn,Coffee,19,43,308
47,103,47,051,Tn,Franklin,17,42,394
47,103,47,037,Tn,Davidson,17,28,339
47,103,47,149,Tn,Rutherford,13,28,299
47,103,47,127,Tn,Moore,11,32,220
47,103,63,010,XX,"Same State",49,97,1386
47,103,63,011,XX,"Region 1: Northeast",20,36,752
47,103,63,012,XX,"Region 2: Midwest",46,100,931
47,103,63,013,XX,"Region 3: South",113,268,2653
47,103,63,014,XX,"Region 4: West",20,48,596
47,103,63,050,Tn,"County Non-Migrant",9709,22476,254116
47,105,00,001,Tn,Loudon,1030,2193,33517
47,105,47,093,Tn,Knox,275,608,8292
47,105,47,009,Tn,Blount,75,170,2537
47,105,47,123,Tn,Monroe,63,140,1209
47,105,47,145,Tn,Roane,49,113,1045
47,105,47,001,Tn,Anderson,36,71,1615
47,105,47,107,Tn,McMinn,27,59,569
47,105,47,155,Tn,Sevier,14,21,193
47,105,26,125,Mi,Oakland,12,30,810
47,105,47,065,Tn,Hamilton,12,21,421
47,105,47,011,Tn,Bradley,11,19,195
47,105,57,005,FR,"APO / FPO Zip Code",11,22,290
47,105,47,037,Tn,Davidson,10,15,187
47,105,63,010,XX,"Same State",55,117,1291
47,105,63,011,XX,"Region 1: Northeast",32,79,1846
47,105,63,012,XX,"Region 2: Midwest",103,213,5429
47,105,63,013,XX,"Region 3: South",202,415,6010
47,105,63,014,XX,"Region 4: West",43,80,1578
47,105,63,050,Tn,"County Non-Migrant",11538,26316,340949
47,107,00,001,Tn,McMinn,891,1991,23888
47,107,47,011,Tn,Bradley,97,199,1986
47,107,47,123,Tn,Monroe,92,227,1972
47,107,47,121,Tn,Meigs,50,105,1291
47,107,47,065,Tn,Hamilton,46,94,1415
47,107,47,093,Tn,Knox,39,65,805
47,107,47,139,Tn,Polk,33,70,560
47,107,47,105,Tn,Loudon,23,53,478
47,107,48,221,Tx,Hood,18,54,1400
47,107,47,009,Tn,Blount,13,20,244
47,107,47,145,Tn,Roane,10,31,252
47,107,63,010,XX,"Same State",75,174,1927
47,107,63,011,XX,"Region 1: Northeast",45,87,1531
47,107,63,012,XX,"Region 2: Midwest",68,148,1614
47,107,63,013,XX,"Region 3: South",236,549,6869
47,107,63,014,XX,"Region 4: West",46,115,1544
47,107,63,050,Tn,"County Non-Migrant",14144,32635,403797
47,109,00,001,Tn,McNairy,509,1127,10147
47,109,47,071,Tn,Hardin,80,177,1260
47,109,28,003,Ms,Alcorn,53,124,1085
47,109,47,157,Tn,Shelby,44,93,1072
47,109,47,023,Tn,Chester,40,91,658
47,109,47,113,Tn,Madison,33,74,542
47,109,47,069,Tn,Hardeman,26,50,495
47,109,63,020,XX,"Same State",56,114,983
47,109,63,021,XX,"Same Region, Diff. State",105,246,2370
47,109,63,022,XX,"Different Region",72,158,1682
47,109,63,050,Tn,"County Non-Migrant",7469,17352,179896
47,111,00,001,Tn,Macon,371,821,6581
47,111,47,165,Tn,Sumner,78,190,1494
47,111,47,037,Tn,Davidson,29,56,509
47,111,47,169,Tn,Trousdale,28,66,465
47,111,47,159,Tn,Smith,25,58,485
47,111,47,027,Tn,Clay,24,49,382
47,111,47,189,Tn,Wilson,17,42,195
47,111,47,087,Tn,Jackson,16,33,189
47,111,21,003,Ky,Allen,16,32,221
47,111,63,020,XX,"Same State",26,52,571
47,111,63,021,XX,"Same Region, Diff. State",57,120,928
47,111,63,022,XX,"Different Region",55,123,1142
47,111,63,050,Tn,"County Non-Migrant",5105,11917,120131
47,113,00,001,Tn,Madison,2097,4332,54912
47,113,47,053,Tn,Gibson,205,432,5016
47,113,47,157,Tn,Shelby,166,300,3800
47,113,47,069,Tn,Hardeman,79,171,1565
47,113,47,023,Tn,Chester,78,186,1685
47,113,47,037,Tn,Davidson,63,116,1386
47,113,47,077,Tn,Henderson,62,127,1472
47,113,47,075,Tn,Haywood,59,111,1202
47,113,47,033,Tn,Crockett,55,127,1171
47,113,47,109,Tn,McNairy,42,80,1013
47,113,47,017,Tn,Carroll,38,68,1272
47,113,47,103,Tn,Lincoln,31,73,698
47,113,57,005,FR,"APO / FPO Zip Code",29,57,674
47,113,47,045,Tn,Dyer,28,52,722
47,113,01,089,Al,Madison,26,60,770
47,113,47,079,Tn,Henry,23,32,571
47,113,17,031,Il,Cook,22,48,644
47,113,47,071,Tn,Hardin,21,36,352
47,113,47,183,Tn,Weakley,21,35,472
47,113,47,097,Tn,Lauderdale,18,39,510
47,113,29,189,Mo,"St. Louis",15,36,578
47,113,47,039,Tn,Decatur,15,27,229
47,113,47,093,Tn,Knox,14,26,539
47,113,47,131,Tn,Obion,13,29,297
47,113,47,065,Tn,Hamilton,11,23,268
47,113,01,083,Al,Limestone,11,32,276
47,113,48,201,Tx,Harris,10,21,207
47,113,05,119,Ar,Pulaski,10,16,245
47,113,63,010,XX,"Same State",126,267,2957
47,113,63,011,XX,"Region 1: Northeast",51,110,1768
47,113,63,012,XX,"Region 2: Midwest",230,476,6617
47,113,63,013,XX,"Region 3: South",424,903,13475
47,113,63,014,XX,"Region 4: West",101,216,2461
47,113,63,050,Tn,"County Non-Migrant",27015,62658,859446
47,115,00,001,Tn,Marion,505,1133,11016
47,115,47,065,Tn,Hamilton,131,273,2965
47,115,01,071,Al,Jackson,42,105,990
47,115,47,153,Tn,Sequatchie,33,74,547
47,115,47,061,Tn,Grundy,29,69,488
47,115,13,083,Ga,Dade,16,40,349
47,115,47,051,Tn,Franklin,10,31,185
47,115,63,010,XX,"Same State",55,131,1511
47,115,63,011,XX,"Region 1: Northeast",14,32,361
47,115,63,012,XX,"Region 2: Midwest",33,59,584
47,115,63,013,XX,"Region 3: South",126,285,2594
47,115,63,014,XX,"Region 4: West",16,34,442
47,115,63,050,Tn,"County Non-Migrant",8188,19176,209515
47,117,00,001,Tn,Marshall,667,1525,16801
47,117,47,119,Tn,Maury,122,299,2952
47,117,47,055,Tn,Giles,45,90,933
47,117,47,003,Tn,Bedford,42,82,706
47,117,47,037,Tn,Davidson,42,77,931
47,117,47,187,Tn,Williamson,42,107,1255
47,117,47,103,Tn,Lincoln,39,78,845
47,117,47,149,Tn,Rutherford,22,53,526
47,117,26,163,Mi,Wayne,13,38,306
47,117,26,049,Mi,Genesee,12,36,389
47,117,01,089,Al,Madison,12,23,344
47,117,47,031,Tn,Coffee,10,20,147
47,117,63,010,XX,"Same State",34,81,742
47,117,63,011,XX,"Region 1: Northeast",18,48,478
47,117,63,012,XX,"Region 2: Midwest",78,196,2553
47,117,63,013,XX,"Region 3: South",114,245,2832
47,117,63,014,XX,"Region 4: West",22,52,862
47,117,63,050,Tn,"County Non-Migrant",8055,18487,242383
47,119,00,001,Tn,Maury,1583,3835,49056
47,119,47,187,Tn,Williamson,161,358,5571
47,119,47,037,Tn,Davidson,123,256,3013
47,119,47,117,Tn,Marshall,115,280,2713
47,119,26,163,Mi,Wayne,63,173,2288
47,119,06,037,Ca,"Los Angeles",56,182,2683
47,119,47,099,Tn,Lawrence,52,120,1198
47,119,26,049,Mi,Genesee,44,137,1759
47,119,47,149,Tn,Rutherford,39,87,971
47,119,26,125,Mi,Oakland,38,95,1515
47,119,47,101,Tn,Lewis,36,91,611
47,119,47,055,Tn,Giles,35,70,842
47,119,47,157,Tn,Shelby,22,41,842
47,119,47,081,Tn,Hickman,22,55,570
47,119,26,161,Mi,Washtenaw,14,41,556
47,119,47,189,Tn,Wilson,10,20,219
47,119,47,165,Tn,Sumner,10,20,254
47,119,26,065,Mi,Ingham,10,29,282
47,119,01,073,Al,Jefferson,10,19,384
47,119,47,065,Tn,Hamilton,10,23,316
47,119,63,010,XX,"Same State",77,168,1855
47,119,63,011,XX,"Region 1: Northeast",76,190,3033
47,119,63,012,XX,"Region 2: Midwest",200,506,6859
47,119,63,013,XX,"Region 3: South",302,744,9193
47,119,63,014,XX,"Region 4: West",58,130,1529
47,119,63,050,Tn,"County Non-Migrant",20328,48249,644354
47,121,00,001,Tn,Meigs,253,563,7020
47,121,47,107,Tn,McMinn,50,114,923
47,121,47,011,Tn,Bradley,34,71,791
47,121,47,065,Tn,Hamilton,31,69,693
47,121,47,145,Tn,Roane,13,36,378
47,121,47,143,Tn,Rhea,12,34,407
47,121,63,020,XX,"Same State",29,62,915
47,121,63,021,XX,"Same Region, Diff. State",56,124,2099
47,121,63,022,XX,"Different Region",28,53,814
47,121,63,050,Tn,"County Non-Migrant",2624,6209,67633
47,123,00,001,Tn,Monroe,678,1472,15367
47,123,47,107,Tn,McMinn,102,216,1673
47,123,47,105,Tn,Loudon,79,180,1659
47,123,47,009,Tn,Blount,40,101,655
47,123,47,093,Tn,Knox,37,78,1334
47,123,47,011,Tn,Bradley,21,41,301
47,123,47,145,Tn,Roane,20,45,509
47,123,47,121,Tn,Meigs,11,27,289
47,123,13,313,Ga,Whitfield,11,21,144
47,123,63,010,XX,"Same State",85,161,2085
47,123,63,011,XX,"Region 1: Northeast",14,26,493
47,123,63,012,XX,"Region 2: Midwest",60,124,1642
47,123,63,013,XX,"Region 3: South",168,392,3906
47,123,63,014,XX,"Region 4: West",30,60,677
47,123,63,050,Tn,"County Non-Migrant",10340,24157,242732
47,125,00,001,Tn,Montgomery,5954,15182,134792
47,125,21,047,Ky,Christian,1136,2916,24704
47,125,57,005,FR,"APO / FPO Zip Code",884,2698,21656
47,125,47,037,Tn,Davidson,176,333,3954
47,125,15,003,Hi,Honolulu,164,523,3987
47,125,37,051,NC,Cumberland,97,293,2634
47,125,47,161,Tn,Stewart,77,153,1503
47,125,02,090,Ak,"Fairbanks North Star Bor",54,184,1277
47,125,47,147,Tn,Robertson,54,107,983
47,125,48,029,Tx,Bexar,54,150,1275
47,125,06,053,Ca,Monterey,48,129,1108
47,125,01,045,Al,Dale,44,110,1334
47,125,47,043,Tn,Dickson,41,84,753
47,125,08,041,Co,"El Paso",38,108,860
47,125,47,083,Tn,Houston,33,69,738
47,125,47,157,Tn,Shelby,33,80,658
47,125,02,020,Ak,"Anchorage Borough",32,96,864
47,125,21,093,Ky,Hardin,31,101,1079
47,125,17,031,Il,Cook,31,63,552
47,125,47,021,Tn,Cheatham,31,73,615
47,125,48,027,Tx,Bell,29,79,787
47,125,06,073,Ca,"San Diego",29,67,575
47,125,18,097,In,Marion,29,71,550
47,125,21,219,Ky,Todd,28,59,658
47,125,48,141,Tx,"El Paso",28,68,678
47,125,06,037,Ca,"Los Angeles",28,64,476
47,125,47,165,Tn,Sumner,26,57,488
47,125,13,215,Ga,Muscogee,25,61,659
47,125,01,031,Al,Coffee,25,62,885
47,125,53,053,Wa,Pierce,24,67,627
47,125,13,245,Ga,Richmond,23,79,681
47,125,20,103,Ks,Leavenworth,23,74,879
47,125,40,031,Ok,Comanche,22,59,557
47,125,36,045,NY,Jefferson,20,60,338
47,125,51,700,Va,"Newport News city",19,57,490
47,125,04,013,Az,Maricopa,18,44,309
47,125,47,093,Tn,Knox,17,32,353
47,125,12,057,Fl,Hillsborough,17,37,360
47,125,51,059,Va,Fairfax,16,40,613
47,125,13,179,Ga,Liberty,16,40,356
47,125,48,201,Tx,Harris,16,32,264
47,125,32,003,Nv,Clark,15,24,249
47,125,34,005,NJ,Burlington,15,49,469
47,125,47,149,Tn,Rutherford,15,37,337
47,125,48,113,Tx,Dallas,14,28,310
47,125,12,011,Fl,Broward,14,26,262
47,125,29,189,Mo,"St. Louis",14,37,521
47,125,47,065,Tn,Hamilton,14,30,300
47,125,39,035,Oh,Cuyahoga,13,39,555
47,125,04,003,Az,Cochise,13,33,396
47,125,12,103,Fl,Pinellas,13,28,291
47,125,06,059,Ca,Orange,13,30,260
47,125,48,439,Tx,Tarrant,13,34,274
47,125,26,163,Mi,Wayne,13,30,393
47,125,22,115,La,Vernon,13,35,385
47,125,01,089,Al,Madison,13,43,393
47,125,57,001,FR,"Foreign / Overseas",12,31,481
47,125,13,051,Ga,Chatham,12,33,359
47,125,47,189,Tn,Wilson,12,26,366
47,125,29,169,Mo,Pulaski,12,42,263
47,125,47,085,Tn,Humphreys,11,16,145
47,125,24,025,Md,Harford,11,33,244
47,125,47,187,Tn,Williamson,11,21,359
47,125,47,079,Tn,Henry,11,27,259
47,125,42,003,Pa,Allegheny,11,22,481
47,125,48,099,Tx,Coryell,11,32,341
47,125,36,071,NY,Orange,11,20,235
47,125,24,033,Md,"Prince George's",11,31,252
47,125,24,031,Md,Montgomery,11,27,361
47,125,20,061,Ks,Geary,11,33,269
47,125,12,025,Fl,Dade,11,32,203
47,125,08,005,Co,Arapahoe,11,36,389
47,125,51,810,Va,"Virginia Beach city",10,27,233
47,125,13,067,Ga,Cobb,10,17,215
47,125,47,113,Tn,Madison,10,17,185
47,125,04,019,Az,Pima,10,18,124
47,125,12,031,Fl,Duval,10,19,148
47,125,45,079,SC,Richland,10,25,283
47,125,12,091,Fl,Okaloosa,10,33,163
47,125,24,003,Md,"Anne Arundel",10,28,219
47,125,20,161,Ks,Riley,10,27,249
47,125,01,073,Al,Jefferson,10,26,183
47,125,21,111,Ky,Jefferson,10,24,201
47,125,63,010,XX,"Same State",101,222,2379
47,125,63,011,XX,"Region 1: Northeast",266,565,5380
47,125,63,012,XX,"Region 2: Midwest",503,1184,11092
47,125,63,013,XX,"Region 3: South",845,2011,17011
47,125,63,014,XX,"Region 4: West",208,495,4208
47,125,63,050,Tn,"County Non-Migrant",29455,70836,842009
47,127,00,001,Tn,Moore,77,172,1917
47,127,47,031,Tn,Coffee,20,43,559
47,127,47,103,Tn,Lincoln,10,31,170
47,127,47,003,Tn,Bedford,10,14,155
47,127,63,020,XX,"Same State",16,30,385
47,127,63,021,XX,"Same Region, Diff. State",10,25,379
47,127,63,022,XX,"Different Region",11,29,269
47,127,63,050,Tn,"County Non-Migrant",935,2177,25993
47,129,00,001,Tn,Morgan,361,839,7464
47,129,47,145,Tn,Roane,80,197,1632
47,129,47,001,Tn,Anderson,47,110,1152
47,129,47,093,Tn,Knox,21,46,512
47,129,47,035,Tn,Cumberland,10,27,144
47,129,47,151,Tn,Scott,10,26,124
47,129,63,010,XX,"Same State",52,113,975
47,129,63,011,XX,"Region 1: Northeast",17,42,453
47,129,63,012,XX,"Region 2: Midwest",27,51,451
47,129,63,013,XX,"Region 3: South",80,189,1474
47,129,63,014,XX,"Region 4: West",17,38,547
47,129,63,050,Tn,"County Non-Migrant",4892,11773,112741
47,131,00,001,Tn,Obion,733,1591,14213
47,131,21,075,Ky,Fulton,118,289,2151
47,131,47,183,Tn,Weakley,71,139,1245
47,131,47,045,Tn,Dyer,45,93,825
47,131,47,095,Tn,Lake,42,78,631
47,131,47,053,Tn,Gibson,41,101,708
47,131,47,157,Tn,Shelby,25,53,739
47,131,21,083,Ky,Graves,19,42,311
47,131,21,105,Ky,Hickman,18,39,265
47,131,47,113,Tn,Madison,12,27,195
47,131,17,031,Il,Cook,11,18,270
47,131,47,037,Tn,Davidson,11,16,117
47,131,63,010,XX,"Same State",55,125,1344
47,131,63,011,XX,"Region 1: Northeast",15,39,313
47,131,63,012,XX,"Region 2: Midwest",93,198,2049
47,131,63,013,XX,"Region 3: South",132,284,2446
47,131,63,014,XX,"Region 4: West",25,50,604
47,131,63,050,Tn,"County Non-Migrant",10825,25136,337207
47,133,00,001,Tn,Overton,314,681,5612
47,133,47,141,Tn,Putnam,90,196,1553
47,133,47,027,Tn,Clay,16,39,274
47,133,47,037,Tn,Davidson,11,16,162
47,133,63,020,XX,"Same State",59,134,1117
47,133,63,021,XX,"Same Region, Diff. State",57,129,794
47,133,63,022,XX,"Different Region",81,167,1712
47,133,63,050,Tn,"County Non-Migrant",5550,12850,122741
47,135,00,001,Tn,Perry,169,345,4671
47,135,47,101,Tn,Lewis,14,33,286
47,135,47,037,Tn,Davidson,11,16,174
47,135,47,039,Tn,Decatur,11,28,147
47,135,63,020,XX,"Same State",58,119,1003
47,135,63,021,XX,"Same Region, Diff. State",44,96,2439
47,135,63,022,XX,"Different Region",31,53,622
47,135,63,050,Tn,"County Non-Migrant",2087,4849,49667
47,137,00,001,Tn,Pickett,79,151,1142
47,137,47,133,Tn,Overton,11,27,207
47,137,63,020,XX,"Same State",28,49,340
47,137,63,021,XX,"Same Region, Diff. State",20,39,265
47,137,63,022,XX,"Different Region",20,36,330
47,137,63,050,Tn,"County Non-Migrant",1273,3017,23815
47,139,00,001,Tn,Polk,370,827,6999
47,139,47,011,Tn,Bradley,126,288,2400
47,139,47,107,Tn,McMinn,37,92,996
47,139,13,111,Ga,Fannin,25,62,382
47,139,47,065,Tn,Hamilton,18,36,362
47,139,13,213,Ga,Murray,15,36,295
47,139,37,039,NC,Cherokee,13,24,192
47,139,63,020,XX,"Same State",28,52,409
47,139,63,021,XX,"Same Region, Diff. State",78,179,1438
47,139,63,022,XX,"Different Region",30,58,525
47,139,63,050,Tn,"County Non-Migrant",4642,10694,110023
47,141,00,001,Tn,Putnam,1587,3252,38137
47,141,47,133,Tn,Overton,109,244,3009
47,141,47,037,Tn,Davidson,91,148,2216
47,141,47,185,Tn,White,90,181,1535
47,141,57,001,FR,"Foreign / Overseas",70,75,184
47,141,47,087,Tn,Jackson,53,106,1081
47,141,47,035,Tn,Cumberland,47,100,1068
47,141,47,049,Tn,Fentress,33,63,498
47,141,47,093,Tn,Knox,30,51,532
47,141,39,113,Oh,Montgomery,25,50,580
47,141,47,189,Tn,Wilson,21,51,421
47,141,26,099,Mi,Macomb,21,41,718
47,141,26,163,Mi,Wayne,20,36,527
47,141,47,165,Tn,Sumner,20,38,443
47,141,47,177,Tn,Warren,19,39,345
47,141,26,125,Mi,Oakland,18,41,707
47,141,47,041,Tn,"De Kalb",17,35,293
47,141,47,159,Tn,Smith,16,31,288
47,141,47,027,Tn,Clay,15,31,286
47,141,47,187,Tn,Williamson,15,28,403
47,141,57,005,FR,"APO / FPO Zip Code",15,34,506
47,141,47,149,Tn,Rutherford,14,31,520
47,141,47,157,Tn,Shelby,13,24,340
47,141,47,065,Tn,Hamilton,12,31,414
47,141,47,163,Tn,Sullivan,10,13,139
47,141,63,010,XX,"Same State",165,336,3449
47,141,63,011,XX,"Region 1: Northeast",57,106,1640
47,141,63,012,XX,"Region 2: Midwest",148,320,3627
47,141,63,013,XX,"Region 3: South",349,775,9862
47,141,63,014,XX,"Region 4: West",74,193,2506
47,141,63,050,Tn,"County Non-Migrant",17758,40472,528333
47,143,00,001,Tn,Rhea,625,1377,17467
47,143,47,065,Tn,Hamilton,112,214,2687
47,143,47,007,Tn,Bledsoe,23,45,535
47,143,47,145,Tn,Roane,20,39,527
47,143,47,035,Tn,Cumberland,17,34,300
47,143,47,093,Tn,Knox,16,36,390
47,143,48,221,Tx,Hood,16,57,1181
47,143,13,295,Ga,Walker,13,30,232
47,143,47,107,Tn,McMinn,12,27,536
47,143,47,011,Tn,Bradley,12,29,261
47,143,63,010,XX,"Same State",78,175,2251
47,143,63,011,XX,"Region 1: Northeast",26,50,643
47,143,63,012,XX,"Region 2: Midwest",69,143,1754
47,143,63,013,XX,"Region 3: South",177,421,5345
47,143,63,014,XX,"Region 4: West",34,77,825
47,143,63,050,Tn,"County Non-Migrant",8112,18711,210434
47,145,00,001,Tn,Roane,1041,2200,25612
47,145,47,001,Tn,Anderson,141,308,3529
47,145,47,093,Tn,Knox,133,253,3391
47,145,47,129,Tn,Morgan,85,185,1669
47,145,47,105,Tn,Loudon,44,99,1020
47,145,47,035,Tn,Cumberland,32,61,592
47,145,47,065,Tn,Hamilton,27,45,690
47,145,47,143,Tn,Rhea,17,41,362
47,145,57,005,FR,"APO / FPO Zip Code",17,31,376
47,145,47,107,Tn,McMinn,15,28,306
47,145,47,141,Tn,Putnam,14,33,336
47,145,13,313,Ga,Whitfield,12,24,158
47,145,47,121,Tn,Meigs,12,28,364
47,145,47,037,Tn,Davidson,10,19,290
47,145,63,010,XX,"Same State",90,156,2064
47,145,63,011,XX,"Region 1: Northeast",34,79,717
47,145,63,012,XX,"Region 2: Midwest",77,167,1924
47,145,63,013,XX,"Region 3: South",236,543,6580
47,145,63,014,XX,"Region 4: West",45,100,1244
47,145,63,050,Tn,"County Non-Migrant",15321,35092,461858
47,147,00,001,Tn,Robertson,1388,3113,38340
47,147,47,037,Tn,Davidson,480,1040,12935
47,147,47,165,Tn,Sumner,233,532,6462
47,147,47,125,Tn,Montgomery,90,215,2804
47,147,47,021,Tn,Cheatham,48,101,1260
47,147,21,141,Ky,Logan,25,49,641
47,147,47,149,Tn,Rutherford,23,51,534
47,147,47,189,Tn,Wilson,23,46,835
47,147,21,047,Ky,Christian,18,40,478
47,147,21,227,Ky,Warren,11,19,228
47,147,21,219,Ky,Todd,11,21,182
47,147,47,187,Tn,Williamson,11,19,505
47,147,63,010,XX,"Same State",76,165,1906
47,147,63,011,XX,"Region 1: Northeast",29,61,777
47,147,63,012,XX,"Region 2: Midwest",75,170,2340
47,147,63,013,XX,"Region 3: South",180,449,4570
47,147,63,014,XX,"Region 4: West",55,135,1883
47,147,63,050,Tn,"County Non-Migrant",14572,34704,418760
47,149,00,001,Tn,Rutherford,5013,10533,133341
47,149,47,037,Tn,Davidson,1624,3296,44404
47,149,47,187,Tn,Williamson,175,384,5367
47,149,47,189,Tn,Wilson,149,315,4014
47,149,47,003,Tn,Bedford,110,203,2254
47,149,47,031,Tn,Coffee,98,196,2374
47,149,47,015,Tn,Cannon,95,185,1996
47,149,47,165,Tn,Sumner,79,163,1660
47,149,47,119,Tn,Maury,59,128,1819
47,149,47,065,Tn,Hamilton,51,103,1344
47,149,47,177,Tn,Warren,51,100,1455
47,149,47,157,Tn,Shelby,43,85,1058
47,149,47,093,Tn,Knox,41,73,980
47,149,57,005,FR,"APO / FPO Zip Code",40,81,952
47,149,47,141,Tn,Putnam,34,59,689
47,149,47,117,Tn,Marshall,33,84,866
47,149,47,043,Tn,Dickson,31,56,635
47,149,47,051,Tn,Franklin,27,53,624
47,149,06,073,Ca,"San Diego",27,53,506
47,149,57,001,FR,"Foreign / Overseas",27,38,184
47,149,01,089,Al,Madison,25,47,627
47,149,47,011,Tn,Bradley,24,65,740
47,149,47,041,Tn,"De Kalb",24,49,599
47,149,47,125,Tn,Montgomery,23,64,636
47,149,17,031,Il,Cook,23,47,744
47,149,47,103,Tn,Lincoln,22,43,380
47,149,47,113,Tn,Madison,22,46,502
47,149,06,037,Ca,"Los Angeles",21,62,572
47,149,47,147,Tn,Robertson,20,39,441
47,149,13,067,Ga,Cobb,18,47,474
47,149,48,201,Tx,Harris,17,47,515
47,149,47,099,Tn,Lawrence,17,33,404
47,149,26,163,Mi,Wayne,17,28,472
47,149,47,055,Tn,Giles,16,23,307
47,149,21,047,Ky,Christian,16,33,272
47,149,12,011,Fl,Broward,15,32,366
47,149,04,013,Az,Maricopa,14,27,382
47,149,47,053,Tn,Gibson,14,26,252
47,149,47,145,Tn,Roane,14,23,260
47,149,47,131,Tn,Obion,14,26,341
47,149,21,111,Ky,Jefferson,14,24,440
47,149,12,095,Fl,Orange,14,24,296
47,149,12,103,Fl,Pinellas,13,28,344
47,149,47,179,Tn,Washington,13,27,270
47,149,12,057,Fl,Hillsborough,13,32,380
47,149,12,025,Fl,Dade,13,24,285
47,149,12,099,Fl,"Palm Beach",12,23,203
47,149,13,089,Ga,"De Kalb",12,18,182
47,149,47,021,Tn,Cheatham,12,26,262
47,149,47,085,Tn,Humphreys,12,21,234
47,149,13,135,Ga,Gwinnett,12,25,479
47,149,47,009,Tn,Blount,11,33,476
47,149,47,035,Tn,Cumberland,11,16,145
47,149,47,185,Tn,White,11,15,152
47,149,48,113,Tx,Dallas,11,36,413
47,149,19,153,Ia,Polk,11,32,569
47,149,47,159,Tn,Smith,11,19,176
47,149,26,125,Mi,Oakland,11,16,138
47,149,45,019,SC,Charleston,10,20,221
47,149,47,077,Tn,Henderson,10,21,220
47,149,48,029,Tx,Bexar,10,32,225
47,149,13,063,Ga,Clayton,10,20,307
47,149,12,031,Fl,Duval,10,17,307
47,149,37,051,NC,Cumberland,10,17,224
47,149,47,163,Tn,Sullivan,10,18,320
47,149,51,059,Va,Fairfax,10,21,308
47,149,63,010,XX,"Same State",168,333,3461
47,149,63,011,XX,"Region 1: Northeast",152,330,4027
47,149,63,012,XX,"Region 2: Midwest",407,911,13322
47,149,63,013,XX,"Region 3: South",673,1531,19094
47,149,63,014,XX,"Region 4: West",146,361,3394
47,149,63,050,Tn,"County Non-Migrant",41594,98994,1444855
47,151,00,001,Tn,Scott,251,551,4224
47,151,47,013,Tn,Campbell,27,64,435
47,151,21,147,Ky,McCreary,27,51,381
47,151,13,313,Ga,Whitfield,12,23,151
47,151,13,213,Ga,Murray,12,39,192
47,151,63,020,XX,"Same State",51,111,775
47,151,63,021,XX,"Same Region, Diff. State",60,128,1222
47,151,63,022,XX,"Different Region",62,135,1068
47,151,63,050,Tn,"County Non-Migrant",5130,12708,113355
47,153,00,001,Tn,Sequatchie,215,471,4168
47,153,47,065,Tn,Hamilton,56,115,1203
47,153,47,115,Tn,Marion,23,59,496
47,153,47,007,Tn,Bledsoe,17,32,312
47,153,63,020,XX,"Same State",44,95,867
47,153,63,021,XX,"Same Region, Diff. State",42,92,746
47,153,63,022,XX,"Different Region",33,78,544
47,153,63,050,Tn,"County Non-Migrant",2696,6275,63946
47,155,00,001,Tn,Sevier,1863,3949,41086
47,155,47,093,Tn,Knox,392,838,8699
47,155,47,009,Tn,Blount,109,238,2359
47,155,47,089,Tn,Jefferson,82,206,1544
47,155,47,029,Tn,Cocke,64,133,1309
47,155,12,103,Fl,Pinellas,23,47,676
47,155,47,063,Tn,Hamblen,19,35,397
47,155,12,011,Fl,Broward,19,40,388
47,155,47,065,Tn,Hamilton,17,27,458
47,155,47,001,Tn,Anderson,16,31,301
47,155,47,037,Tn,Davidson,16,32,376
47,155,17,031,Il,Cook,15,29,312
47,155,47,157,Tn,Shelby,13,29,290
47,155,12,095,Fl,Orange,13,26,284
47,155,12,057,Fl,Hillsborough,12,32,274
47,155,13,067,Ga,Cobb,12,26,260
47,155,06,037,Ca,"Los Angeles",12,21,137
47,155,12,025,Fl,Dade,11,21,214
47,155,47,059,Tn,Greene,11,17,96
47,155,26,163,Mi,Wayne,10,21,189
47,155,57,005,FR,"APO / FPO Zip Code",10,25,350
47,155,12,099,Fl,"Palm Beach",10,24,315
47,155,47,179,Tn,Washington,10,15,158
47,155,39,061,Oh,Hamilton,10,23,234
47,155,63,010,XX,"Same State",111,242,3083
47,155,63,011,XX,"Region 1: Northeast",80,142,1599
47,155,63,012,XX,"Region 2: Midwest",215,441,4645
47,155,63,013,XX,"Region 3: South",475,1023,10441
47,155,63,014,XX,"Region 4: West",76,165,1698
47,155,63,050,Tn,"County Non-Migrant",20063,44187,541213
47,157,00,001,Tn,Shelby,16283,33452,462131
47,157,28,033,Ms,"De Soto",897,1780,22112
47,157,47,167,Tn,Tipton,454,1032,9995
47,157,57,005,FR,"APO / FPO Zip Code",423,933,9411
47,157,05,035,Ar,Crittenden,349,726,8555
47,157,47,047,Tn,Fayette,312,688,6599
47,157,57,001,FR,"Foreign / Overseas",310,400,3698
47,157,47,037,Tn,Davidson,305,535,8388
47,157,17,031,Il,Cook,292,605,8134
47,157,28,093,Ms,Marshall,265,545,4937
47,157,06,037,Ca,"Los Angeles",240,500,6838
47,157,06,073,Ca,"San Diego",201,486,5425
47,157,05,119,Ar,Pulaski,194,358,5969
47,157,47,113,Tn,Madison,193,332,4250
47,157,48,113,Tx,Dallas,189,338,7660
47,157,48,201,Tx,Harris,167,344,5124
47,157,47,093,Tn,Knox,132,205,3614
47,157,12,031,Fl,Duval,130,319,2821
47,157,28,049,Ms,Hinds,110,199,3144
47,157,48,439,Tx,Tarrant,101,204,4540
47,157,28,137,Ms,Tate,100,190,2048
47,157,13,121,Ga,Fulton,96,165,3590
47,157,01,073,Al,Jefferson,93,183,3922
47,157,06,059,Ca,Orange,90,208,3966
47,157,29,189,Mo,"St. Louis",89,178,3343
47,157,28,027,Ms,Coahoma,88,188,1219
47,157,13,067,Ga,Cobb,86,200,3350
47,157,13,089,Ga,"De Kalb",84,182,2242
47,157,17,097,Il,Lake,79,198,3450
47,157,51,810,Va,"Virginia Beach city",76,212,2542
47,157,47,065,Tn,Hamilton,76,162,2388
47,157,15,003,Hi,Honolulu,71,180,2021
47,157,37,133,NC,Onslow,71,166,1350
47,157,28,071,Ms,Lafayette,69,111,1229
47,157,51,710,Va,"Norfolk city",66,171,1219
47,157,28,151,Ms,Washington,65,144,1121
47,157,05,093,Ar,Mississippi,65,121,2298
47,157,05,031,Ar,Craighead,63,108,1522
47,157,47,045,Tn,Dyer,63,101,1441
47,157,04,013,Az,Maricopa,61,126,2443
47,157,28,081,Ms,Lee,61,100,1536
47,157,28,107,Ms,Panola,60,120,846
47,157,12,025,Fl,Dade,60,139,2068
47,157,48,029,Tx,Bexar,59,134,1774
47,157,22,071,La,Orleans,59,119,1444
47,157,12,095,Fl,Orange,58,96,1597
47,157,06,001,Ca,Alameda,58,121,1622
47,157,47,069,Tn,Hardeman,57,113,1029
47,157,12,057,Fl,Hillsborough,57,91,1483
47,157,47,075,Tn,Haywood,56,103,840
47,157,05,123,Ar,"St. Francis",56,114,1367
47,157,26,163,Mi,Wayne,55,98,1366
47,157,22,051,La,Jefferson,54,102,1790
47,157,13,135,Ga,Gwinnett,54,125,2198
47,157,37,119,NC,Mecklenburg,53,129,4791
47,157,12,033,Fl,Escambia,51,105,1258
47,157,51,059,Va,Fairfax,51,101,2211
47,157,12,103,Fl,Pinellas,50,88,1811
47,157,01,089,Al,Madison,50,104,1887
47,157,39,049,Oh,Franklin,50,87,1547
47,157,17,043,Il,"Du Page",48,118,3079
47,157,21,111,Ky,Jefferson,48,94,2063
47,157,45,019,SC,Charleston,47,92,1132
47,157,47,053,Tn,Gibson,47,71,971
47,157,28,121,Ms,Rankin,47,92,1145
47,157,28,143,Ms,Tunica,47,119,567
47,157,47,109,Tn,McNairy,46,89,855
47,157,55,079,Wi,Milwaukee,46,97,973
47,157,12,011,Fl,Broward,46,94,2344
47,157,29,510,Mo,"St. Louis city",45,92,1316
47,157,47,149,Tn,Rutherford,45,81,1241
47,157,47,097,Tn,Lauderdale,45,84,902
47,157,40,109,Ok,Oklahoma,44,85,1361
47,157,37,051,NC,Cumberland,44,98,1169
47,157,27,053,Mn,Hennepin,44,86,1526
47,157,40,143,Ok,Tulsa,43,94,818
47,157,06,071,Ca,"San Bernardino",41,111,1466
47,157,48,453,Tx,Travis,41,78,1022
47,157,28,047,Ms,Harrison,41,98,982
47,157,28,011,Ms,Bolivar,40,84,678
47,157,28,105,Ms,Oktibbeha,39,65,704
47,157,48,141,Tx,"El Paso",38,96,883
47,157,28,133,Ms,Sunflower,38,70,539
47,157,47,125,Tn,Montgomery,38,80,705
47,157,18,097,In,Marion,37,68,1083
47,157,28,087,Ms,Lowndes,37,95,945
47,157,39,061,Oh,Hamilton,37,62,1381
47,157,53,029,Wa,Island,37,112,824
47,157,24,031,Md,Montgomery,36,83,1731
47,157,47,183,Tn,Weakley,36,56,1059
47,157,28,083,Ms,Leflore,36,67,523
47,157,01,097,Al,Mobile,36,77,1235
47,157,51,700,Va,"Newport News city",36,81,752
47,157,48,027,Tx,Bell,35,87,971
47,157,26,125,Mi,Oakland,35,70,2008
47,157,53,033,Wa,King,35,64,1263
47,157,06,085,Ca,"Santa Clara",34,64,872
47,157,18,089,In,Lake,34,66,581
47,157,29,095,Mo,Jackson,33,59,915
47,157,28,089,Ms,Madison,33,70,1229
47,157,05,069,Ar,Jefferson,32,65,791
47,157,40,031,Ok,Comanche,31,81,709
47,157,06,067,Ca,Sacramento,31,62,671
47,157,08,041,Co,"El Paso",31,88,969
47,157,06,065,Ca,Riverside,30,80,717
47,157,47,131,Tn,Obion,30,53,579
47,157,39,035,Oh,Cuyahoga,30,51,595
47,157,37,049,NC,Craven,30,105,848
47,157,48,085,Tx,Collin,30,75,1470
47,157,28,003,Ms,Alcorn,30,56,618
47,157,32,003,Nv,Clark,29,46,791
47,157,09,001,Ct,Fairfield,29,62,2573
47,157,22,017,La,Caddo,29,60,1219
47,157,22,033,La,"East Baton Rouge",29,63,1125
47,157,20,091,Ks,Johnson,29,65,1307
47,157,42,101,Pa,Philadelphia,28,79,1084
47,157,53,053,Wa,Pierce,28,54,609
47,157,45,013,SC,Beaufort,27,82,492
47,157,42,003,Pa,Allegheny,27,59,868
47,157,12,099,Fl,"Palm Beach",27,48,1197
47,157,48,121,Tx,Denton,27,64,1216
47,157,24,033,Md,"Prince George's",27,58,602
47,157,29,183,Mo,"St. Charles",27,61,818
47,157,47,187,Tn,Williamson,27,51,1150
47,157,05,107,Ar,Phillips,27,49,485
47,157,06,013,Ca,"Contra Costa",26,63,970
47,157,47,165,Tn,Sumner,26,60,1028
47,157,47,017,Tn,Carroll,26,45,406
47,157,47,189,Tn,Wilson,26,51,764
47,157,45,045,SC,Greenville,26,63,1400
47,157,28,135,Ms,Tallahatchie,24,47,241
47,157,53,035,Wa,Kitsap,24,67,496
47,157,28,043,Ms,Grenada,24,48,328
47,157,17,019,Il,Champaign,24,51,702
47,157,34,023,NJ,Middlesex,24,51,1206
47,157,05,143,Ar,Washington,24,43,688
47,157,22,073,La,Ouachita,24,47,780
47,157,21,047,Ky,Christian,24,56,558
47,157,08,005,Co,Arapahoe,24,50,1144
47,157,36,061,NY,"New York",23,36,811
47,157,05,037,Ar,Cross,23,46,459
47,157,01,101,Al,Montgomery,23,47,748
47,157,13,245,Ga,Richmond,23,48,520
47,157,13,179,Ga,Liberty,23,60,477
47,157,12,091,Fl,Okaloosa,23,51,617
47,157,12,019,Fl,Clay,23,68,856
47,157,28,139,Ms,Tippah,23,40,302
47,157,37,081,NC,Guilford,23,41,802
47,157,06,053,Ca,Monterey,23,62,500
47,157,12,127,Fl,Volusia,22,39,559
47,157,11,001,DC,"Wash.,D.C.",22,37,563
47,157,26,049,Mi,Genesee,22,48,422
47,157,05,051,Ar,Garland,22,32,517
47,157,28,009,Ms,Benton,22,49,305
47,157,45,015,SC,Berkeley,22,58,475
47,157,28,075,Ms,Lauderdale,21,49,582
47,157,37,183,NC,Wake,21,54,1043
47,157,12,117,Fl,Seminole,21,45,1181
47,157,01,125,Al,Tuscaloosa,21,42,424
47,157,28,035,Ms,Forrest,21,38,573
47,157,49,035,Ut,"Salt Lake",20,49,573
47,157,05,055,Ar,Greene,20,33,344
47,157,47,033,Tn,Crockett,20,27,262
47,157,47,077,Tn,Henderson,20,30,400
47,157,17,089,Il,Kane,20,46,1239
47,157,22,103,La,"St. Tammany",20,50,804
47,157,06,095,Ca,Solano,20,53,613
47,157,12,009,Fl,Brevard,20,46,429
47,157,13,063,Ga,Clayton,20,45,531
47,157,42,091,Pa,Montgomery,20,44,1170
47,157,48,037,Tx,Bowie,20,41,1064
47,157,39,113,Oh,Montgomery,19,46,707
47,157,36,029,NY,Erie,19,34,401
47,157,06,019,Ca,Fresno,19,41,771
47,157,28,059,Ms,Jackson,19,38,414
47,157,24,005,Md,Baltimore,19,36,938
47,157,31,055,Ne,Douglas,19,32,367
47,157,34,027,NJ,Morris,19,36,1105
47,157,06,111,Ca,Ventura,19,51,821
47,157,06,075,Ca,"San Francisco",19,44,519
47,157,21,093,Ky,Hardin,18,45,485
47,157,08,031,Co,Denver,18,38,371
47,157,39,095,Oh,Lucas,18,34,597
47,157,36,103,NY,Suffolk,18,31,536
47,157,25,017,Ma,Middlesex,18,30,528
47,157,29,077,Mo,Greene,18,40,516
47,157,13,215,Ga,Muscogee,17,40,450
47,157,22,055,La,Lafayette,17,32,563
47,157,34,005,NJ,Burlington,17,42,762
47,157,34,003,NJ,Bergen,17,26,816
47,157,04,019,Az,Pima,17,45,734
47,157,47,071,Tn,Hardin,17,27,325
47,157,47,011,Tn,Bradley,17,27,381
47,157,17,143,Il,Peoria,17,40,206
47,157,25,025,Ma,Suffolk,17,27,369
47,157,47,079,Tn,Henry,17,26,341
47,157,26,099,Mi,Macomb,17,39,348
47,157,05,145,Ar,White,17,26,409
47,157,25,021,Ma,Norfolk,16,36,549
47,157,12,005,Fl,Bay,16,30,383
47,157,36,059,NY,Nassau,16,33,508
47,157,05,131,Ar,Sebastian,16,26,334
47,157,12,073,Fl,Leon,16,40,522
47,157,51,013,Va,Arlington,16,25,465
47,157,51,087,Va,Henrico,16,35,831
47,157,36,081,NY,Queens,16,35,1090
47,157,21,145,Ky,McCracken,16,32,318
47,157,34,035,NJ,Somerset,16,46,2195
47,157,17,163,Il,"St. Clair",15,39,463
47,157,36,055,NY,Monroe,15,32,436
47,157,02,020,Ak,"Anchorage Borough",15,42,698
47,157,01,117,Al,Shelby,15,37,861
47,157,17,201,Il,Winnebago,15,45,488
47,157,19,153,Ia,Polk,15,33,931
47,157,36,047,NY,Kings,15,32,554
47,157,20,173,Ks,Sedgwick,15,30,435
47,157,05,045,Ar,Faulkner,15,26,364
47,157,47,119,Tn,Maury,15,20,201
47,157,13,051,Ga,Chatham,15,37,567
47,157,21,227,Ky,Warren,15,27,301
47,157,06,081,Ca,"San Mateo",15,33,907
47,157,48,167,Tx,Galveston,14,30,630
47,157,48,309,Tx,McLennan,14,26,252
47,157,26,077,Mi,Kalamazoo,14,22,510
47,157,24,037,Md,"St. Mary's",14,41,364
47,157,24,003,Md,"Anne Arundel",14,32,622
47,157,12,105,Fl,Polk,14,19,190
47,157,51,153,Va,"Prince William",14,40,729
47,157,22,079,La,Rapides,14,31,437
47,157,09,003,Ct,Hartford,14,35,1107
47,157,27,123,Mn,Ramsey,14,33,740
47,157,55,025,Wi,Dane,14,37,422
47,157,26,065,Mi,Ingham,14,33,533
47,157,47,031,Tn,Coffee,14,21,255
47,157,37,067,NC,Forsyth,14,32,801
47,157,45,079,SC,Richland,14,27,468
47,157,42,017,Pa,Bucks,14,37,683
47,157,08,059,Co,Jefferson,14,32,631
47,157,09,011,Ct,"New London",14,31,549
47,157,48,355,Tx,Nueces,13,29,401
47,157,26,161,Mi,Washtenaw,13,17,515
47,157,06,031,Ca,Kings,13,30,299
47,157,21,067,Ky,Fayette,13,26,641
47,157,28,115,Ms,Pontotoc,13,26,156
47,157,37,063,NC,Durham,13,30,444
47,157,28,161,Ms,Yalobusha,13,22,352
47,157,29,019,Mo,Boone,13,20,289
47,157,01,077,Al,Lauderdale,13,30,330
47,157,57,007,FR,"Foreign / Virgin Islands",13,38,388
47,157,10,003,De,"New Castle",13,27,753
47,157,36,005,NY,Bronx,13,22,466
47,157,39,023,Oh,Clark,13,23,211
47,157,28,095,Ms,Monroe,13,21,251
47,157,06,029,Ca,Kern,13,28,352
47,157,04,027,Az,Yuma,13,28,241
47,157,05,111,Ar,Poinsett,13,21,263
47,157,41,051,Or,Multnomah,12,24,270
47,157,28,141,Ms,Tishomingo,12,19,257
47,157,22,105,La,Tangipahoa,12,25,278
47,157,24,027,Md,Howard,12,16,401
47,157,48,303,Tx,Lubbock,12,28,462
47,157,48,441,Tx,Taylor,12,27,180
47,157,22,019,La,Calcasieu,12,33,426
47,157,22,115,La,Vernon,12,32,247
47,157,28,051,Ms,Holmes,12,28,139
47,157,47,179,Tn,Washington,12,22,376
47,157,47,163,Tn,Sullivan,12,17,278
47,157,48,245,Tx,Jefferson,12,20,392
47,157,47,009,Tn,Blount,12,25,366
47,157,20,061,Ks,Geary,12,36,334
47,157,28,119,Ms,Quitman,12,19,448
47,157,34,039,NJ,Union,12,23,647
47,157,05,125,Ar,Saline,12,19,249
47,157,47,039,Tn,Decatur,12,17,257
47,157,12,001,Fl,Alachua,12,20,286
47,157,05,085,Ar,Lonoke,12,23,263
47,157,26,081,Mi,Kent,12,22,223
47,157,17,197,Il,Will,12,27,520
47,157,27,037,Mn,Dakota,12,23,505
47,157,28,145,Ms,Union,12,25,178
47,157,51,550,Va,"Chesapeake city",12,26,307
47,157,51,650,Va,"Hampton city",12,31,363
47,157,01,069,Al,Houston,11,21,290
47,157,29,023,Mo,Butler,11,19,220
47,157,05,077,Ar,Lee,11,16,310
47,157,23,005,Me,Cumberland,11,22,217
47,157,29,155,Mo,Pemiscot,11,17,96
47,157,47,043,Tn,Dickson,11,18,267
47,157,01,081,Al,Lee,11,23,229
47,157,36,045,NY,Jefferson,11,27,251
47,157,28,117,Ms,Prentiss,11,16,140
47,157,18,163,In,Vanderburgh,11,26,424
47,157,29,047,Mo,Clay,11,21,299
47,157,39,151,Oh,Stark,11,21,390
47,157,36,119,NY,Westchester,11,24,918
47,157,46,099,SD,Minnehaha,11,13,157
47,157,28,149,Ms,Warren,11,17,377
47,157,13,039,Ga,Camden,11,28,314
47,157,47,005,Tn,Benton,11,20,276
47,157,47,141,Tn,Putnam,11,25,222
47,157,34,025,NJ,Monmouth,10,17,301
47,157,01,015,Al,Calhoun,10,18,188
47,157,40,017,Ok,Canadian,10,24,474
47,157,29,099,Mo,Jefferson,10,19,179
47,157,17,111,Il,McHenry,10,27,785
47,157,29,069,Mo,Dunklin,10,20,138
47,157,25,027,Ma,Worcester,10,17,176
47,157,25,009,Ma,Essex,10,25,554
47,157,19,113,Ia,Linn,10,17,385
47,157,13,021,Ga,Bibb,10,19,437
47,157,47,023,Tn,Chester,10,24,147
47,157,48,039,Tx,Brazoria,10,26,253
47,157,08,013,Co,Boulder,10,18,548
47,157,39,093,Oh,Lorain,10,23,333
47,157,01,103,Al,Morgan,10,18,215
47,157,29,133,Mo,Mississippi,10,14,174
47,157,33,011,NH,Hillsborough,10,26,470
47,157,17,167,Il,Sangamon,10,18,253
47,157,01,003,Al,Baldwin,10,24,213
47,157,63,010,XX,"Same State",147,286,3448
47,157,63,011,XX,"Region 1: Northeast",373,785,13640
47,157,63,012,XX,"Region 2: Midwest",783,1572,21215
47,157,63,013,XX,"Region 3: South",1409,2975,37079
47,157,63,014,XX,"Region 4: West",266,524,8446
47,157,63,050,Tn,"County Non-Migrant",296436,670589,10175871
47,159,00,001,Tn,Smith,310,700,6044
47,159,47,189,Tn,Wilson,60,138,1219
47,159,47,037,Tn,Davidson,34,62,734
47,159,47,141,Tn,Putnam,26,51,572
47,159,47,111,Tn,Macon,22,56,387
47,159,47,041,Tn,"De Kalb",17,39,281
47,159,47,165,Tn,Sumner,14,39,349
47,159,47,169,Tn,Trousdale,14,36,355
47,159,63,010,XX,"Same State",43,87,715
47,159,63,011,XX,"Region 1: Northeast",11,24,322
47,159,63,012,XX,"Region 2: Midwest",19,47,237
47,159,63,013,XX,"Region 3: South",40,94,591
47,159,63,014,XX,"Region 4: West",10,27,282
47,159,63,050,Tn,"County Non-Migrant",4841,11140,128347
47,161,00,001,Tn,Stewart,293,711,6677
47,161,47,125,Tn,Montgomery,71,167,1518
47,161,47,083,Tn,Houston,25,62,464
47,161,57,005,FR,"APO / FPO Zip Code",19,53,575
47,161,21,047,Ky,Christian,14,34,323
47,161,63,020,XX,"Same State",44,92,1036
47,161,63,021,XX,"Same Region, Diff. State",64,169,1606
47,161,63,022,XX,"Different Region",56,134,1155
47,161,63,050,Tn,"County Non-Migrant",3165,7403,75591
47,163,00,001,Tn,Sullivan,3118,6517,85304
47,163,47,179,Tn,Washington,422,864,11061
47,163,47,073,Tn,Hawkins,329,727,8662
47,163,51,520,Va,"Bristol city",233,497,4851
47,163,51,191,Va,Washington,157,329,3227
47,163,51,169,Va,Scott,119,223,2673
47,163,47,019,Tn,Carter,67,134,1626
47,163,47,093,Tn,Knox,63,103,1368
47,163,47,037,Tn,Davidson,38,77,1005
47,163,47,059,Tn,Greene,37,74,611
47,163,51,195,Va,Wise,34,71,781
47,163,57,005,FR,"APO / FPO Zip Code",22,43,489
47,163,51,027,Va,Buchanan,19,31,370
47,163,12,057,Fl,Hillsborough,19,34,422
47,163,47,157,Tn,Shelby,18,41,898
47,163,37,119,NC,Mecklenburg,17,34,680
47,163,51,173,Va,Smyth,17,34,390
47,163,45,045,SC,Greenville,17,38,768
47,163,51,167,Va,Russell,17,35,473
47,163,48,201,Tx,Harris,15,35,674
47,163,13,089,Ga,"De Kalb",14,18,291
47,163,47,065,Tn,Hamilton,14,27,533
47,163,06,059,Ca,Orange,13,20,523
47,163,51,105,Va,Lee,13,36,231
47,163,47,063,Tn,Hamblen,13,24,307
47,163,47,171,Tn,Unicoi,12,25,157
47,163,08,041,Co,"El Paso",11,24,269
47,163,17,031,Il,Cook,11,19,569
47,163,51,157,Va,Rappahannock,11,23,204
47,163,37,021,NC,Buncombe,11,22,227
47,163,51,810,Va,"Virginia Beach city",11,24,187
47,163,37,067,NC,Forsyth,11,18,348
47,163,12,099,Fl,"Palm Beach",11,17,186
47,163,06,073,Ca,"San Diego",10,19,175
47,163,57,001,FR,"Foreign / Overseas",10,26,1027
47,163,47,009,Tn,Blount,10,19,176
47,163,12,095,Fl,Orange,10,21,274
47,163,63,010,XX,"Same State",100,220,2826
47,163,63,011,XX,"Region 1: Northeast",103,228,3989
47,163,63,012,XX,"Region 2: Midwest",180,376,6627
47,163,63,013,XX,"Region 3: South",769,1637,21972
47,163,63,014,XX,"Region 4: West",110,250,3177
47,163,63,050,Tn,"County Non-Migrant",52439,116914,1721238
47,165,00,001,Tn,Sumner,3595,7833,109393
47,165,47,037,Tn,Davidson,1280,2701,37363
47,165,47,147,Tn,Robertson,189,421,4769
47,165,47,189,Tn,Wilson,107,247,2708
47,165,47,111,Tn,Macon,74,158,1765
47,165,47,149,Tn,Rutherford,54,116,1422
47,165,21,213,Ky,Simpson,42,103,1029
47,165,47,169,Tn,Trousdale,41,82,774
47,165,47,187,Tn,Williamson,34,71,1469
47,165,47,065,Tn,Hamilton,32,70,1353
47,165,47,093,Tn,Knox,32,57,611
47,165,21,227,Ky,Warren,31,61,881
47,165,47,021,Tn,Cheatham,31,62,738
47,165,47,157,Tn,Shelby,27,51,1197
47,165,18,097,In,Marion,26,55,492
47,165,21,003,Ky,Allen,24,54,453
47,165,06,071,Ca,"San Bernardino",24,67,693
47,165,47,125,Tn,Montgomery,23,52,637
47,165,57,005,FR,"APO / FPO Zip Code",23,54,406
47,165,06,037,Ca,"Los Angeles",23,50,642
47,165,21,047,Ky,Christian,17,29,279
47,165,47,141,Tn,Putnam,16,24,325
47,165,47,043,Tn,Dickson,15,32,295
47,165,06,073,Ca,"San Diego",14,32,506
47,165,12,103,Fl,Pinellas,14,34,317
47,165,01,073,Al,Jefferson,13,27,643
47,165,13,067,Ga,Cobb,13,31,581
47,165,26,163,Mi,Wayne,13,28,404
47,165,39,153,Oh,Summit,12,40,819
47,165,39,049,Oh,Franklin,12,24,415
47,165,13,121,Ga,Fulton,11,17,299
47,165,06,053,Ca,Monterey,11,29,298
47,165,21,111,Ky,Jefferson,11,18,327
47,165,48,113,Tx,Dallas,10,22,260
47,165,12,011,Fl,Broward,10,20,244
47,165,09,013,Ct,Tolland,10,24,711
47,165,21,067,Ky,Fayette,10,26,520
47,165,47,113,Tn,Madison,10,17,246
47,165,48,201,Tx,Harris,10,19,147
47,165,06,059,Ca,Orange,10,33,972
47,165,04,013,Az,Maricopa,10,29,561
47,165,63,010,XX,"Same State",120,241,2752
47,165,63,011,XX,"Region 1: Northeast",122,279,4279
47,165,63,012,XX,"Region 2: Midwest",293,676,11758
47,165,63,013,XX,"Region 3: South",582,1311,18491
47,165,63,014,XX,"Region 4: West",109,239,3542
47,165,63,050,Tn,"County Non-Migrant",36055,85726,1247904
47,167,00,001,Tn,Tipton,1007,2471,23584
47,167,47,157,Tn,Shelby,457,1041,10786
47,167,47,097,Tn,Lauderdale,36,78,633
47,167,57,005,FR,"APO / FPO Zip Code",34,98,901
47,167,47,047,Tn,Fayette,32,74,512
47,167,47,075,Tn,Haywood,31,75,469
47,167,47,113,Tn,Madison,13,29,320
47,167,51,810,Va,"Virginia Beach city",11,43,256
47,167,37,133,NC,Onslow,10,41,214
47,167,63,010,XX,"Same State",49,104,854
47,167,63,011,XX,"Region 1: Northeast",16,41,372
47,167,63,012,XX,"Region 2: Midwest",68,188,1807
47,167,63,013,XX,"Region 3: South",185,480,4355
47,167,63,014,XX,"Region 4: West",65,179,2105
47,167,63,050,Tn,"County Non-Migrant",11663,28905,320491
47,169,00,001,Tn,Trousdale,155,347,3106
47,169,47,165,Tn,Sumner,32,73,601
47,169,47,037,Tn,Davidson,25,46,519
47,169,47,111,Tn,Macon,22,48,428
47,169,47,159,Tn,Smith,16,45,308
47,169,47,189,Tn,Wilson,14,38,327
47,169,63,020,XX,"Same State",12,24,238
47,169,63,021,XX,"Same Region, Diff. State",21,46,398
47,169,63,022,XX,"Different Region",13,27,287
47,169,63,050,Tn,"County Non-Migrant",1959,4463,47299
47,171,00,001,Tn,Unicoi,359,774,7636
47,171,47,179,Tn,Washington,114,245,2044
47,171,47,019,Tn,Carter,21,46,392
47,171,47,163,Tn,Sullivan,14,31,409
47,171,63,010,XX,"Same State",32,58,603
47,171,63,011,XX,"Region 1: Northeast",11,28,462
47,171,63,012,XX,"Region 2: Midwest",24,63,626
47,171,63,013,XX,"Region 3: South",133,281,2956
47,171,63,014,XX,"Region 4: West",10,22,144
47,171,63,050,Tn,"County Non-Migrant",5557,12339,151851
47,173,00,001,Tn,Union,313,653,5872
47,173,47,093,Tn,Knox,159,326,2997
47,173,47,001,Tn,Anderson,20,49,428
47,173,47,025,Tn,Claiborne,12,23,214
47,173,47,057,Tn,Grainger,10,20,164
47,173,63,020,XX,"Same State",34,68,639
47,173,63,021,XX,"Same Region, Diff. State",40,88,755
47,173,63,022,XX,"Different Region",38,79,675
47,173,63,050,Tn,"County Non-Migrant",3826,9107,84576
47,175,00,001,Tn,"Van Buren",103,238,1858
47,175,47,185,Tn,White,28,64,379
47,175,47,177,Tn,Warren,13,28,215
47,175,63,020,XX,"Same State",33,79,631
47,175,63,021,XX,"Same Region, Diff. State",17,38,364
47,175,63,022,XX,"Different Region",12,29,269
47,175,63,050,Tn,"County Non-Migrant",1438,3343,31195
47,177,00,001,Tn,Warren,651,1456,13994
47,177,47,031,Tn,Coffee,52,130,1172
47,177,47,149,Tn,Rutherford,42,81,830
47,177,47,041,Tn,"De Kalb",40,107,696
47,177,47,037,Tn,Davidson,34,57,611
47,177,47,015,Tn,Cannon,30,75,721
47,177,47,185,Tn,White,29,63,558
47,177,47,175,Tn,"Van Buren",19,41,488
47,177,47,141,Tn,Putnam,15,34,372
47,177,47,061,Tn,Grundy,12,19,351
47,177,63,010,XX,"Same State",90,197,2070
47,177,63,011,XX,"Region 1: Northeast",27,50,772
47,177,63,012,XX,"Region 2: Midwest",68,154,1174
47,177,63,013,XX,"Region 3: South",155,352,3478
47,177,63,014,XX,"Region 4: West",38,96,701
47,177,63,050,Tn,"County Non-Migrant",11488,26294,298907
47,179,00,001,Tn,Washington,2921,5880,77086
47,179,47,163,Tn,Sullivan,510,954,13282
47,179,47,019,Tn,Carter,341,690,7245
47,179,47,059,Tn,Greene,156,309,2828
47,179,47,171,Tn,Unicoi,121,272,2732
47,179,47,093,Tn,Knox,72,122,1965
47,179,57,001,FR,"Foreign / Overseas",51,54,173
47,179,47,073,Tn,Hawkins,49,95,1042
47,179,57,005,FR,"APO / FPO Zip Code",37,65,705
47,179,47,037,Tn,Davidson,28,53,912
47,179,47,063,Tn,Hamblen,24,43,491
47,179,51,191,Va,Washington,21,29,354
47,179,47,091,Tn,Johnson,20,31,281
47,179,12,103,Fl,Pinellas,19,41,541
47,179,51,195,Va,Wise,17,23,279
47,179,47,065,Tn,Hamilton,17,40,1135
47,179,47,009,Tn,Blount,16,30,325
47,179,37,021,NC,Buncombe,16,31,333
47,179,17,031,Il,Cook,15,29,705
47,179,51,169,Va,Scott,15,31,491
47,179,47,157,Tn,Shelby,15,35,686
47,179,13,121,Ga,Fulton,15,23,844
47,179,51,059,Va,Fairfax,14,32,591
47,179,51,520,Va,"Bristol city",14,19,273
47,179,51,105,Va,Lee,13,29,218
47,179,39,035,Oh,Cuyahoga,13,32,463
47,179,45,079,SC,Richland,13,21,477
47,179,12,095,Fl,Orange,12,23,264
47,179,45,019,SC,Charleston,12,20,275
47,179,12,025,Fl,Dade,12,20,264
47,179,51,027,Va,Buchanan,11,14,300
47,179,13,067,Ga,Cobb,11,16,338
47,179,12,127,Fl,Volusia,11,23,116
47,179,37,119,NC,Mecklenburg,11,23,281
47,179,47,011,Tn,Bradley,10,19,306
47,179,51,121,Va,Montgomery,10,19,278
47,179,48,201,Tx,Harris,10,19,350
47,179,63,010,XX,"Same State",108,204,2532
47,179,63,011,XX,"Region 1: Northeast",95,230,3517
47,179,63,012,XX,"Region 2: Midwest",188,439,6270
47,179,63,013,XX,"Region 3: South",666,1435,19062
47,179,63,014,XX,"Region 4: West",112,243,3562
47,179,63,050,Tn,"County Non-Migrant",33464,72763,1016818
47,181,00,001,Tn,Wayne,287,671,5830
47,181,47,099,Tn,Lawrence,42,101,822
47,181,01,077,Al,Lauderdale,24,54,414
47,181,47,071,Tn,Hardin,18,28,312
47,181,47,101,Tn,Lewis,12,32,223
47,181,47,037,Tn,Davidson,11,22,196
47,181,63,020,XX,"Same State",55,133,1150
47,181,63,021,XX,"Same Region, Diff. State",71,172,1321
47,181,63,022,XX,"Different Region",54,129,1392
47,181,63,050,Tn,"County Non-Migrant",4454,10437,100132
47,183,00,001,Tn,Weakley,603,1348,12605
47,183,47,131,Tn,Obion,84,198,1952
47,183,47,017,Tn,Carroll,61,150,1156
47,183,47,079,Tn,Henry,40,90,751
47,183,47,157,Tn,Shelby,32,60,627
47,183,47,053,Tn,Gibson,29,53,554
47,183,47,037,Tn,Davidson,15,29,333
47,183,47,045,Tn,Dyer,15,45,238
47,183,21,075,Ky,Fulton,15,31,397
47,183,47,113,Tn,Madison,14,31,420
47,183,21,083,Ky,Graves,13,25,165
47,183,17,031,Il,Cook,12,31,170
47,183,63,010,XX,"Same State",61,113,899
47,183,63,011,XX,"Region 1: Northeast",15,37,490
47,183,63,012,XX,"Region 2: Midwest",76,172,2029
47,183,63,013,XX,"Region 3: South",93,205,1804
47,183,63,014,XX,"Region 4: West",28,78,620
47,183,63,050,Tn,"County Non-Migrant",9951,22717,274565
47,185,00,001,Tn,White,438,974,8218
47,185,47,141,Tn,Putnam,75,166,1327
47,185,47,177,Tn,Warren,37,96,527
47,185,47,035,Tn,Cumberland,28,54,396
47,185,47,041,Tn,"De Kalb",23,52,451
47,185,47,175,Tn,"Van Buren",17,32,181
47,185,47,037,Tn,Davidson,14,31,300
47,185,47,133,Tn,Overton,10,23,128
47,185,63,010,XX,"Same State",57,143,1170
47,185,63,011,XX,"Region 1: Northeast",26,46,461
47,185,63,012,XX,"Region 2: Midwest",61,146,1455
47,185,63,013,XX,"Region 3: South",78,157,1613
47,185,63,014,XX,"Region 4: West",12,28,209
47,185,63,050,Tn,"County Non-Migrant",6932,15994,159874
47,187,00,001,Tn,Williamson,3763,8931,216790
47,187,47,037,Tn,Davidson,1320,2892,74377
47,187,47,119,Tn,Maury,147,351,6154
47,187,47,149,Tn,Rutherford,124,234,3569
47,187,26,163,Mi,Wayne,68,159,3287
47,187,47,157,Tn,Shelby,65,164,4144
47,187,26,125,Mi,Oakland,46,115,2799
47,187,06,037,Ca,"Los Angeles",44,113,2158
47,187,47,093,Tn,Knox,41,80,1637
47,187,39,153,Oh,Summit,36,109,3215
47,187,26,049,Mi,Genesee,36,94,1669
47,187,47,165,Tn,Sumner,35,81,1734
47,187,47,043,Tn,Dickson,32,63,1041
47,187,17,031,Il,Cook,30,84,2775
47,187,48,113,Tx,Dallas,28,74,1884
47,187,47,117,Tn,Marshall,27,71,1019
47,187,47,189,Tn,Wilson,25,57,1208
47,187,13,067,Ga,Cobb,25,82,1931
47,187,47,081,Tn,Hickman,24,53,605
47,187,06,059,Ca,Orange,23,62,2861
47,187,21,111,Ky,Jefferson,21,46,1141
47,187,01,073,Al,Jefferson,20,43,1044
47,187,01,089,Al,Madison,18,39,931
47,187,26,161,Mi,Washtenaw,18,50,784
47,187,57,005,FR,"APO / FPO Zip Code",18,43,543
47,187,12,099,Fl,"Palm Beach",17,34,1258
47,187,17,043,Il,"Du Page",17,56,1912
47,187,47,021,Tn,Cheatham,17,30,497
47,187,26,099,Mi,Macomb,16,40,1092
47,187,12,011,Fl,Broward,15,37,784
47,187,47,003,Tn,Bedford,15,39,477
47,187,13,121,Ga,Fulton,15,32,896
47,187,47,065,Tn,Hamilton,14,30,1091
47,187,48,201,Tx,Harris,14,37,1236
47,187,37,119,NC,Mecklenburg,13,26,672
47,187,12,057,Fl,Hillsborough,13,30,447
47,187,51,059,Va,Fairfax,13,34,788
47,187,39,035,Oh,Cuyahoga,13,34,1055
47,187,06,073,Ca,"San Diego",13,33,633
47,187,13,135,Ga,Gwinnett,13,36,712
47,187,48,439,Tx,Tarrant,12,42,850
47,187,47,125,Tn,Montgomery,12,26,372
47,187,48,085,Tx,Collin,12,34,1432
47,187,39,049,Oh,Franklin,12,41,1313
47,187,04,013,Az,Maricopa,11,33,561
47,187,41,039,Or,Lane,11,35,1596
47,187,17,097,Il,Lake,11,37,1160
47,187,13,089,Ga,"De Kalb",11,19,479
47,187,09,001,Ct,Fairfield,10,30,1335
47,187,47,113,Tn,Madison,10,17,424
47,187,36,055,NY,Monroe,10,29,871
47,187,18,097,In,Marion,10,29,512
47,187,12,031,Fl,Duval,10,24,685
47,187,12,103,Fl,Pinellas,10,27,845
47,187,63,010,XX,"Same State",109,240,3760
47,187,63,011,XX,"Region 1: Northeast",146,417,12430
47,187,63,012,XX,"Region 2: Midwest",263,701,16582
47,187,63,013,XX,"Region 3: South",505,1210,27106
47,187,63,014,XX,"Region 4: West",99,253,8417
47,187,63,050,Tn,"County Non-Migrant",28359,70707,1663474
47,189,00,001,Tn,Wilson,2588,5597,75619
47,189,47,037,Tn,Davidson,1232,2627,39535
47,189,47,149,Tn,Rutherford,134,274,3189
47,189,47,165,Tn,Sumner,111,230,2418
47,189,47,159,Tn,Smith,62,152,1439
47,189,47,141,Tn,Putnam,30,59,675
47,189,47,187,Tn,Williamson,26,52,797
47,189,47,157,Tn,Shelby,17,27,387
47,189,47,093,Tn,Knox,17,32,247
47,189,47,169,Tn,Trousdale,16,32,371
47,189,47,041,Tn,"De Kalb",16,37,349
47,189,48,201,Tx,Harris,15,33,546
47,189,47,147,Tn,Robertson,14,32,270
47,189,06,037,Ca,"Los Angeles",13,21,295
47,189,47,065,Tn,Hamilton,13,22,275
47,189,57,005,FR,"APO / FPO Zip Code",13,20,203
47,189,06,073,Ca,"San Diego",12,31,326
47,189,47,015,Tn,Cannon,11,25,197
47,189,47,111,Tn,Macon,11,16,226
47,189,12,057,Fl,Hillsborough,10,21,367
47,189,63,010,XX,"Same State",134,306,3952
47,189,63,011,XX,"Region 1: Northeast",79,158,2602
47,189,63,012,XX,"Region 2: Midwest",160,374,4634
47,189,63,013,XX,"Region 3: South",366,853,10389
47,189,63,014,XX,"Region 4: West",76,163,1930
47,189,63,050,Tn,"County Non-Migrant",24494,58142,892181
